URL,Title,Address,Description,NAme,Cylinders,Drive,Fuel,Miles
https://minneapolis.craigslist.org/hnp/for/d/chrome-running-boards-from/6638914541.html,Chrome Running Boards from 2012 Chevy Silverado,St. Bonifacius,"
        
Chrome running boards pulled off my 2012 Chevrolet Silverado.  Good condition, just dont want or need them.  Can pick up in St. Bonifacius/Waconia area or I could meet anywhere from there to Shakopee within reason.  $50 or best offer.  

Email for more info. 

    ",,,,,
https://minneapolis.craigslist.org/dak/cto/d/2003-chevy-silveradox4/6635510529.html,2003 chevy Silverado 1500 4x4,Elko new market,"
        
2003 chevy 1500 4x4. New GM transmission with transferable warranty good at any dealer in the US. Has new trans lines and cooler as well. New evap vent solenoid and rear brakes. Has bose stereo with the tan leather interior. Driver seat lower cushion isn't the greatest but the rest of the interior is nice. Heat and AC work great. 2600 or best offer have title in hand    ",2003 chevy silverado 1500,clean,automatic,,
https://minneapolis.craigslist.org/dak/cto/d/chevrolet-silverado-high/6641880659.html,Chevrolet Silverado High Country 1500,,"
        
Getting rid of my beautiful ride because my employer is providing a truck for me. This White Diamond truck was custom ordered with all the options! Boasts the powerful and fuel-efficient 6.2 liter V8 engine so its ready to haul wherever you need to go! The Custom BORLA exhaust from factory gives this truck that quiet but throaty Corvette sound! With it's well-built and comfortable interior of the 2014 Chevrolet Silverado 1500 High Country this quiet ride is something for everybody. It is fully fit out with Weather-Tech containment matting through the whole cab! The box is fit out with spray in bed liner and tonneau cover. This one in particular is in impeccable condition (interior AND exterior!) having been a garage-kept vehicle! Brand new tires just installed! For information on this please email or text me at Five oh 7 - two08-five four zero 4

Features
4 Doors
4-wheel ABS brakes
4WD Type - Automatic full-time
8-way power adjustable drivers seat
8-way power adjustable passenger seat
Air conditioning with dual zone climate control
Audio controls on steering wheel
Automatic Transmission
Chrome grill
Climate controlled - Driver and passenger heated-cushion
Compass
Cooled - Driver and passenger
Cruise control
Cylinder Deactivation
Daytime running lights
Driver memory seats
Dusk sensing headlights
Exhaust -Custom BORLA
External temperature display
Four-wheel drive
Front fog/driving lights
Front seat type - Bucket
Fuel economy EPA highway (mpg): 22 and EPA city (mpg): 16
Head airbags - Curtain 1st and 2nd row
Heated drivers seat
Heated passenger seat
Intermittent window wipers
Leather seats
Limited slip differential - Mechanical
Memory settings for 2 drivers
Moonroof
Mudflaps
Multi-function remote - Remote engine start
Passenger Airbag
Pearl White Tri-coat paint
Power heated mirrors
Power Rear Window
Power windows with 4 one-touch
Remote engine start
Remote power door locks
Running Boards
Split-bench rear seats
Tachometer
Tilt and telescopic steering wheel
Universal remote transmitter
driver and passenger heated-seat back

Text me 5Oseven-two08-five4oh4    ",2014 Chevrolet Silverado High Country,8 cylinders,4wd,gas,43400
https://minneapolis.craigslist.org/hnp/cto/d/2015-chevy-silverado-2500hd/6635459507.html,2015 Chevy Silverado 2500hd duramax,Stewart MN,"
        
Selling my 2015 Duramax,it has 86k on oil,just changed oil and filter and fuel fuel filter and alignment,new tires,loaded with all the LT features  heated leather,mylink,Navigation,runs and drives really good, also has new access tonneau cover and bed liner, does have a prior salvage title , price reflects this not looking for trades at all asking 37500 or best offer call or text  

Thanks for looking !    ",2015 chevy silverado 2500hd,86800,rebuilt,automatic,
https://minneapolis.craigslist.org/ank/cto/d/1996-silverado/6622538354.html,1996 Silverado,Cambridge,"
        
307,000 miles on body,  roughly 225,000 on motor.4x4 needs the actuator switch I stalled, I have a new one. Needs transmission work, as far as I know it's a 4l60e tranny ,cant drive . Newer tires,  new exhaust last year, new plugs,  wires,  cap , rotor, interior is pretty decent, it has the 5.0 vortex, motor is solid. Got around 19 mpg when it last ran, I used it to commute to 145 miles each day. Has a little less than Typical rust, fenders are good , under doors and cab are rusty. Bed is pretty good as well as bumpers.  Make an offer, clean title In hand .    ",1996 chevrolet 1500 silverado,307000,clean,automatic,
https://minneapolis.craigslist.org/ank/ctd/d/2001-chevy-silverado-1500-ext/6641828684.html,"2001 CHEVY SILVERADO 1500, EXT. CAB, Z71pkg, 4X4, AUTOMATIC....",AFFORDABLE AUTO,"
        
2001 CHEVY SILVERADO 1500 EXT. CAB SHORT BOX......
4X4
AUTOMATIC TRANS
5.3L V8
ALLOY WHEELS
Z71pkg
CHROME STEP BARS
MANY FACTORY POWER OPTIONS

FIRST $2,700.00 TAKES!!

FOR MORE INFO PLEASE CALL 763-689-2277. THANKS...
ON LINE FINANCING APPLICATIONS & OUR COMPLETE INVENTORY OF TRUCKS, CARS, SUV'S AND MORE @
www.affordableautosalescambridge.com

WE FINANCE.... TRADE-INS WELCOME....

AFFORDABLE AUTO SALES
1035 OLD SOUTH MAIN ST.
CAMBRIDGE, MN 55008
(763) 689-2277

LOT HOURS:
MON-FRI 8AM-7PM
SATURDAY 9AM-4PM
SUNDAY CLOSED......


    ",2001 CHEVY SILVERADO,4wd,gas,black,full-size
https://minneapolis.craigslist.org/ank/ctd/d/1997-chevy-silverado-1500-ext/6641830146.html,"1997 CHEVY SILVERADO 1500 EXT. CAB, 4X4, AUTO, 206K....",AFFORDABLE AUTO,"
        
1997 CHEVY SILVERADO 1500 EXT. CAB PICK UP....
4X4
AUTOMATIC
5.7L V8
ALLOY WHEELS
206,XXX MILES
CLOTH INTERIOR
MANY FACTORY POWER OPTIONS

ONLY $3,900.00!!

FOR MORE INFO PLEASE CALL 763-689-2277. THANKS...
ON LINE FINANCING APPLICATIONS & OUR COMPLETE INVENTORY OF TRUCKS, CARS, SUV'S AND MORE @
www.affordableautosalescambridge.com

WE FINANCE.... TRADE-INS WELCOME....

AFFORDABLE AUTO SALES
1035 OLD SOUTH MAIN ST.
CAMBRIDGE, MN 55008
(763) 689-2277

LOT HOURS:
MON-FRI 8AM-7PM
SATURDAY 9AM-4PM
SUNDAY CLOSED......

    ",1997 chevy silverado 1500,4wd,gas,silver,clean
https://minneapolis.craigslist.org/hnp/cto/d/2006-silverado-lt-1500-hd-4x4/6641883270.html,2006 Silverado LT 1500 HD 4x4,Bloomington,"
        
6.0 liter v8
196,000 miles
Crew Cab with 6.5 ft box
Blk on blk with a gray interior
New tires and little rust 
Good condition and ready to work    ",2006 chevy silverado 1500,8 cylinders,4wd,gas,196000
https://minneapolis.craigslist.org/wsh/cto/d/2000-chevrolet-silverado/6641841410.html,2000 Chevrolet Silverado,Mahtomedi,"
        
For sale is a 2000 Chevrolet Silverado LS

4.8L V8 
5 speed manual transmission
One owner
Accident free
Typical Chevy rust
Runs well, but needs new muffler
New tires and rims, extra set of tires and rims included
Topper and bed liner included


Price firm
emails or phone, no text
    ",2000 chevrolet silverado,8 cylinders,4wd,gas,220000
https://minneapolis.craigslist.org/wsh/cto/d/2007-chevy-duramax/6641861191.html,2007 Chevy duramax,Stillwater,"
        
I have a 2007 classic body style duramax LBZ that is in great shape runs drives and shifts flawlessly 221000 miles. All new fuel lines, fuel cooler, thermostat, thermostat cooling sensor, break lines, and transmission cooling lines. Call or text anytime    ",2007 chevrolet silverado,8 cylinders,4wd,diesel,silver
https://minneapolis.craigslist.org/hnp/cto/d/1998-silverado-2wd-ext-cab/6641850883.html,1998 Silverado 2wd Ext Cab Dually,,"
        
1998 Silverado 2wd Ext Cab Dually.  This truck has never seen winter and is setup for towing.  454 vortec engine, nv4500 5 speed manual transmission, 4.10 rear gears, hard tonneau cover, 95 gal aux fuel tank.  Engine has new injectors, water pump, belts, hoses, plugs, wires, cap & rotor.  Rebuilt transmission with all new clutch components, driveshaft has new u-joints and balanced.

Clean title in hand, bring your cash and let's make a deal    ",1998 chevrolet silverado,8 cylinders,rwd,gas,114300
https://minneapolis.craigslist.org/wsh/cto/d/1999-chevy-silverado-3-4-ton/6641812614.html,1999 Chevy Silverado 3/4 Ton,Woodbury,"
        
99 Extended cab 4x4 
6.0L Vortec up to18 MPGs
4 speed automatic that has been meticulously maintained and is a very reliable truck, it has rust in the usual spots, clean interior, mostly highway miles, front rotors and pads were just professionally installed 
New alternator and battery.
Two sets of wheels, the set currently installed are 17 inch aluminum Chevy wheels in excellent condition
I also have the factory set 
Legal tinted windows 
A great running and driving truck, it does need a rear brake line replaced. It's just time to get a new one.    ",1999 Chevrolet Silverado 2500,8 cylinders,4wd,gas,216770
https://minneapolis.craigslist.org/ank/pts/d/bully-nerf-step-bar-for/6641884777.html,BULLY NERF/STEP BAR FOR SILVERADO,"Baldwin,WI","
        
Stainless Steel Bully Nerf Bars. Removed from my 2003 2500HD Silverado extended cab pickup. These mount directly to cab mounts and brace to the frame of your pickup. Steel brackets are rusty but still strong, and could be cleaned up and painted if you would like. Bars are stainless steel, not not just steel with chrome finish, so still very strong. These are not rusted out like black or chrome finished bars do. Looks like these should fit 99-2011 GM 1500 or 2500 extended cab pickups and maybe even crew cab pickups. If you have a crew cab-call me and I'll measure overall length and distance between cab mounts.


Please call if interested or if you have any questions. Calling my cell is best. If I do not answer, please leave me a voicemail and I will return your call as soon as I can. I will also check my E-mails each evening. I will not respond to texts-Thank You!

Local Cash Deals Only!
Key Words:Bully, Nerf, Step, Bar, Westin, Luverne, GMC, Chevrolet, Silverado    ",good,BULLY,extended cab,,
https://minneapolis.craigslist.org/hnp/cto/d/1992-chevy-silveradowheel/6637711262.html,1992 Chevy Silverado 1500 2 Wheel Drive Truck,Hanover,"
        
1992 CHEVY SILVERADO C1500
2 WHEEL DRIVE  
5.7 V8 350
AUTOMATIC
TRANSMISSION HAS A SHUTTER WHILE DRIVING AT DIFFERENT TIMES 
STARTS RUNS DRIVES
POWER WINDOWS 
POWER LOCKS 
WORKING AC 
RADIO WORKS 
GOOD TIRES
RECENT TUNEUP
NEW RADIATOR AND BELT AND TENSIONER 
TYPICAL MINNESOTA RUST CAB CORNERS AND ROCKER PANELS 
CLEAR IOWA TITLE 
SOLD WITHOUT PLATES
SELLING AS IS 
$825 CASH
WILL NOT RESPOND TO TEXTS 
CALL TIM  
    ",1992 chevy silverado,8 cylinders,rwd,gas,167000
https://minneapolis.craigslist.org/hnp/cto/d/2015-chevy-silverado-lt-crew/6619727838.html,2015 Chevy Silverado LT Crew Cab,,"
        
I am selling my 2015 Silverado. I bought this vehicle new and have thoroughly enjoyed it since the day I got it off the lot. I am sad to see it go but have recently moved to the Metro area and am looking to purchase a smaller vehicle. The truck has a clean title and has been well kept up with in regard to all maintenance. It also includes WeatherTech mats in the front and back, tonneau cover, and bedliner. There is one small rust spot on the back bumper. If you would like to know more or are interested in the truck, please text/email if during the day or call after 4 pm.

Clean Carfax is available.    ",2015 chevrolet 1500 silverado,4wd,gas,66000,full-size
https://minneapolis.craigslist.org/ank/cto/d/2003-chevy-silveradoxmiles/6641897140.html,"2003 Chevy Silverado 1500 4x4, 67,000 Miles",Coon rapids,"
        
2003 Chevy Silverado 1500
Clean title, No Lien, In my name
4.8L V8
4x4
67,000 Miles, Origninal Miles bought from a older gentleman that used it only 3-4 times a month. 
Has a topper
Common rust spots for a Chevy
Runs excellent
Upgrading to a new truck
No rush to sell. Buying a new truck regardless if this one sells or not
Open to trades will throw cash on my end.
    ",2003 chevy silverado 1500,8 cylinders,gas,67000,green
https://minneapolis.craigslist.org/ank/cto/d/immaculate-2013-chevy/6641310723.html,IMMACULATE 2013 CHEVY SILVERADO CREW CAB LTZ,ELK MOUND,"
        
I AM SELLING MY EXCELLENT CONDITION 2013 CHEVROLET SILVERADO CREW CAB LTZ. THIS TRUCK IS FLAWLESS. IT'S BEAUTIFUL PEARL COLOR AND CHROME REALLY STANDS OUT. ALWAYS STORED INSIDE AS YOU CAN TELL BY PICTURES. CHROME PACKAGE, WEATHER TECH FLOOR MATS FRONT AND REAR, ALSO THE REAR BOX AND TAILGATE HAVE WEATHER TECH MATS. ACCESS ROLL UP COVER, BED RAILS, LED LIGHTING IN BOX. I DON'T USE IT ENOUGH TO JUSTIFY KEEPING IT AS YOU CAN TELL BY THE LOW MILEAGE THAT IS ON IT. SYNTHETIC OIL IT'S WHOLE LIFE. BLUE BOOK VALUE IS BETWEEN $26509.00 -  $30600.00. GIVE ME A CALL OR TEXT FOR ANY MORE INFO. THANKS. 7158TWO8TWO049    ",2013 CHEVROLET SILVERADO LTZ,8 cylinders,4wd,gas,54400
https://minneapolis.craigslist.org/dak/ctd/d/2015-chevrolet-silverado-1500/6641210147.html,2015 Chevrolet Silverado 1500 LS,"Belle Plaine, MN","
        




RECENT TRADE IN, GORGEOUS CUSTOM SPORT, WITH 20' ALUMINUM WHEELS, 5.3L V8, 4 WHEELS DRIVE, TRAILER HITCH, 5.3L V8! ONE OWNER LOCAL TRADE, NICE TRUCK!!!, Silverado 1500 LS, 6-Speed Automatic Electronic with Overdrive, 4WD, 150 Amp Alternator, 3.5' Diagonal Monochromatic Display, 6 Speaker Audio System, ABS brakes, Black Power Adjustable Heated Outside Mirrors, Bluetooth速 For Phone, Chrome Grille Surround, Deep-Tinted Glass, Electronic Stability Control, Emergency communication system, Front Chrome Bumper, Graphite-Colored Rubberized-Vinyl Floor Covering, Heated door mirrors, Illuminated entry, Low tire pressure warning, Manual Tilt Wheel Steering Column, Navigation System, OnStar 6 Months Directions & Connections Plan, OnStar w/4G LTE, Power Windows w/Driver Express Up, Preferred Equipment Group 1LS, Rear Chrome Bumper, Remote Keyless Entry, Remote keyless entry, Single Slot CD/MP3 Player, SiriusXM Satellite Radio, Traction control. Clean CARFAX. CARFAX One-Owner.Awards:  * JD Power Initial Quality Study 2015 Chevrolet Silverado 1500 LSSilverado Custom (DISC).,       Engine: 5.3L EcoTec3 V8.,       Electric Rear-Window Defogger., 4 Doors.,                       4-wheel ABS brakes.,            4WD Type - Part-time.,          5.3 liter V8 engine.,           Air conditioning.,              Automatic Transmission.,        Bed Length - 78.9 '.,           Bluetooth.,                     Clock - In-radio display.,      Cruise control.,                Cylinder Deactivation.,         Daytime running lights.,        Dusk sensing headlights.,       Engine hour meter.,             Four-wheel drive.,              Front seat type - Split-bench., Intermittent window wipers.,    Overhead console - Mini.,       Passenger Airbag.,              Pickup Bed Type - Regular.,     Power heated mirrors.,          Privacy/tinted glass.,          Rear bench seats.,              Remote power door locks.,       Tachometer.,                    Tilt steering wheel.,           Transmission hill holder.,      Trip computer.,                 Heavy-Duty Rear Locking Differential.,                          Color-Keyed Carpeting w/Rubberized Vinyl Floor Mats.,           Fuel economy EPA highway (mpg): 22 and EPA city (mpg): 16.,     Head airbags - Curtain 1st and 2nd row.,                        Speed-proportional power steering.,                             Stability control - Stability control with anti-roll.,          Traction control - ABS and driveline.,                          



    ",2015 Chevrolet Silverado 1500,gas,39540,red,clean
https://minneapolis.craigslist.org/dak/ctd/d/2015-chevrolet-silverado-1500/6641210065.html,2015 Chevrolet Silverado 1500 LT w/2LT,"Belle Plaine, MN","
        




CLEAN VEHICLE HISTORY, RECENT TRADE IN, ONE OWNER, 4x4 / AWD / 4WD, BLUETOOTH, WOW ONLY 21,000 MILES!!! WHITE DIAMOND PAINT, 5.3L V8 HEATED CLOTH SEATS, REMOTE START, BACKUP CAMERA, Z71, TRAILER PACKAGE!, Silverado 1500 LT LT2, 4WD, 150 Amp Alternator, 4.2' Diagonal Color Display Driver Info Center, 6 Speaker Audio System, ABS brakes, Alloy wheels, Bluetooth速 For Phone, Body Color Bodyside Moldings, Body Color Door Handles, Body-Color Mirror Caps, Body-Color Power Adjustable Heated Outside Mirrors, Chrome Grille Surround, Color-Keyed Carpeting w/Rubberized Vinyl Floor Mats, Compass, Deep-Tinted Glass, Driver & Front Passenger Illuminated Vanity Mirrors, Electronic Stability Control, Emergency communication system, EZ Lift & Lower Tailgate, Front Chrome Bumper, Front Halogen Fog Lamps, Heated door mirrors, Illuminated entry, Leather Wrapped Steering Wheel w/Cruise Controls, Low tire pressure warning, Manual Tilt Wheel Steering Column, OnStar 6 Months Directions & Connections Plan, OnStar w/4G LTE, Power Windows w/Driver Express Up, Preferred Equipment Group 2LT, Rear 60/40 Folding Bench Seat (Folds Up), Rear Chrome Bumper, Rear Wheelhouse Liners, Remote Keyless Entry, Remote keyless entry, Single Slot CD/MP3 Player, SiriusXM Satellite Radio, Steering Wheel Audio Controls, Traction control. Priced below KBB Fair Purchase Price! Odometer is 24687 miles below market average! Clean CARFAX. CARFAX One-Owner.2015 Chevrolet Silverado 1500 LTAll Star Edition.,              Engine: 5.3L EcoTec3 V8.,       (0 P) White Diamond Tricoat.,   Tires: P265/65R18 AT OWL.,      LED Cargo Box Lighting.,        4 Doors.,                       4-wheel ABS brakes.,            4WD Type - Part and full-time., 5.3 liter V8 engine.,           Air conditioning.,              Automatic Transmission.,        Bed Length - 69.3 '.,           Bluetooth.,                     Clock - In-radio display.,      Compass.,                       Cruise control.,                Cylinder Deactivation.,         Engine hour meter.,             External temperature display.,  Four-wheel drive.,              Front fog/driving lights.,      Intermittent window wipers.,    Passenger Airbag.,              Pickup Bed Type - Regular.,     Power heated mirrors.,          Privacy/tinted glass.,          Remote power door locks.,       Skid plates - 2.,               Split-bench rear seats.,        Tachometer.,                    Trailer hitch.,                 Transmission hill holder.,      Trip computer.,                 Wheels: 18' x 8.5' Bright Machined Aluminum.,                   Heated Driver & Front Passenger Seats.,                         Integrated Trailer Brake Controller.,                           Audio controls on steering wheel.,                              Descent Control - Hill descent control.,                        Fuel economy EPA highway (mpg): 22 and EPA city (mpg): 16.,     Head airbags - Curtain 1st and 2nd row.,                        Limited slip differential - Mechanical.,                        Overhead console - Mini with storage.,                          Speed-proportional power steering.,                             Stability control - Stability control with anti-roll.,          Traction control - ABS and driveline.,                          



    ",2015 Chevrolet Silverado 1500,4wd,gas,21049,white
https://minneapolis.craigslist.org/dak/ctd/d/2016-chevrolet-silverado/6641210094.html,2016 Chevrolet Silverado 2500HD LT,"Belle Plaine, MN","
        




CLEAN VEHICLE HISTORY, ONE OWNER, 4x4 / AWD / 4WD, BLUETOOTH, TRAILER HITCH, BEAUTIFUL SUPER LOW MILEAGE, 2500HD, 6.0L GAS ENGINE, TRAILER PACKAGE, REMOTE START, HEATED CLOTH SEATS DUAL CLIMATE CONTROL, SNOW PLOW PREP PACKAGE, TRAILER BRAKE CONTROLLER, RUST PROOF AND UNDERCOATED!!, Vortec 6.0L V8 SFI Flex Fuel VVT, 4WD, 10-Way Power Driver's Seat Adjuster, 110-Volt AC Power Outlet, 220 Amps Alternator, Dual-Zone Automatic Climate Control, Electric Rear-Window Defogger, Front Halogen Fog Lamps, LT Convenience Package, Manual Tilt-Wheel/Telescoping Steering Column, Provision for Cab Roof-Mounted Lamp/Beacon, Rear Vision Camera w/Dynamic Guide Lines, Remote Vehicle Starter System, Snow Plow Prep Package, Unauthorized EntryTheft Deterrent System. Odometer is 26671 miles below market average! Clean CARFAX. CARFAX One-Owner.2016 Chevrolet Silverado 2500HD LTLT Convenience Package.,        Wheels: 18' Chromed Aluminum.,  Off-Road Z71 Package.,          Snow Plow Prep Package.,        Tires: LT265/70R18E AT BW.,     220 Amps Alternator.,           LED Cargo Box Lighting.,        4 Doors.,                       4-wheel ABS brakes.,            4WD Type - Part-time.,          6 liter V8 engine.,             Air conditioning.,              Automatic Transmission.,        Bed Length - 78.9 '.,           Bluetooth.,                     Clock - In-radio display.,      Compass.,                       Cruise control.,                Daytime running lights.,        Dusk sensing headlights.,       Engine hour meter.,             External temperature display.,  Four-wheel drive.,              Intermittent window wipers.,    Passenger Airbag.,              Pickup Bed Type - Regular.,     Power heated mirrors.,          Privacy/tinted glass.,          Remote power door locks.,       Split-bench rear seats.,        Tachometer.,                    Transmission hill holder.,      Trip computer.,                 Heavy-Duty Trailering Equipment.,                               Black Power-Adjustable Heated Outside Mirrors.,                 Heated Driver & Front Passenger Seating.,                       Provision for Cab Roof-Mounted Lamp/Beacon.,                    Audio controls on steering wheel.,                              Head airbags - Curtain 1st and 2nd row.,                        Limited slip differential - Mechanical.,                        Multi-function remote - Trunk/hatch/door/tailgate.,             Overhead console - Mini with storage.,                          Speed-proportional power steering.,                             Stability control - Stability control with anti-roll.,          Traction control - ABS and driveline.,                          



    ",2016 Chevrolet Silverado 2500HD,4wd,gas,15833,blue
https://minneapolis.craigslist.org/dak/ctd/d/2005-chevrolet-silverado-1500/6641210025.html,2005 Chevrolet Silverado 1500 Z71,"Belle Plaine, MN","
        




CLEAN VEHICLE HISTORY, NON-SMOKER, ONE OWNER, 4x4 / AWD / 4WD, BLUETOOTH, WOW 1 OWNER, LOCAL TRADE IN, 5.3L V8, POWER DRIVER SEAT, Z71, TRAILER PACKAGE, VERY WELL MAINTAINED, LITTLE RUST A GREAT OLD TRUCK!!, Silverado 1500 Z71, Vortec 5.3L V8 SFI, Silver Birch Metallic. Recent Arrival! Clean CARFAX. CARFAX One-Owner.2005 Chevrolet Silverado 1500 Z71Light Duty Power Package.,      Engine Block Heater.,           295 hp horsepower.,             4 Doors.,                       4-wheel ABS brakes.,            5.3 liter V8 engine.,           Air conditioning.,              Automatic Transmission.,        Bed Length - 69.2 '.,           Clock - In-radio display.,      Compass.,                       Cruise control.,                Daytime running lights.,        Dusk sensing headlights.,       Engine hour meter.,             External temperature display.,  Four-wheel drive.,              Front fog/driving lights.,      Heated driver mirror - Heated., Intermittent window wipers.,    Passenger Airbag.,              Pickup Bed Type - Regular.,     Power steering.,                Privacy/tinted glass.,          Rear defogger.,                 Remote power door locks.,       Skid plates - 2.,               Split-bench rear seats.,        Tachometer.,                    Tilt steering wheel.,           Heavy-Duty Trailering Equipment.,                               6-Way Power Driver Seat Adjuster.,                              Wheels: 17' x 7.5' 6-Lug Polished Cast Alum. (4).,              Steering Wheel Mounted Radio Controls.,                         HD Auxiliary External Transmission Oil Cooler.,                 Front air conditioning zones - Dual.,                           Fuel economy EPA highway (mpg): 19 and EPA city (mpg): 15.,     Heated passenger mirror - Heated.,                              Limited slip differential - Mechanical.,                        Overhead console - Mini with storage.,                          



    ",2005 Chevrolet Silverado 1500,4wd,gas,158701,silver
https://minneapolis.craigslist.org/dak/ctd/d/2016-chevrolet-silverado/6641209937.html,2016 Chevrolet Silverado 3500HD LTZ,"Belle Plaine, MN","
        




SUPER LOW MILEAGE, CLEAN VEHICLE HISTORY, RECENT TRADE IN, LEATHER, INCLUDES WARRANTY, ONE OWNER, 4x4 / AWD / 4WD, GREAT LOOKING TRUCK! 18' BLACK WHEELS OFF ROAD TIRES, UPGRADED AIR CLEANER AND EXHAUST, HEATED AND COOLED SEATS, ASSIST STEPS,, NAVIGATION AND BUCKET SEATS!!, Silverado 3500HD LTZ, Duramax 6.6L V8 Turbodiesel, Summit White. Recent Arrival! Clean CARFAX. CARFAX One-Owner.2016 Chevrolet Silverado 3500HD LTZDuramax Plus Package.,          LTZ Plus Package.,              Driver Alert Package.,          Heated & Vented Front Seating., Off-Road Suspension Package.,   Snow Plow Prep Package.,        Tires: LT265/70R18E AT BW.,     220 Amp Alternator.,            Underbody Shield.,              LED Cargo Box Lighting.,        Engine Block Heater.,           4 Doors.,                       4-wheel ABS brakes.,            6.6 liter V8 engine.,           AC power outlet - 1.,           Automatic Transmission.,        Clock - In-radio display.,      Compass.,                       Cruise control.,                Driver memory seats.,           Engine hour meter.,             External temperature display.,  Four-wheel drive.,              Front fog/driving lights.,      Heated drivers seat.,           Heated passenger seat.,         Leather seats.,                 Memory settings for 2 drivers., Passenger Airbag.,              Pickup Bed Type - Regular.,     Power heated mirrors.,          Power retractable mirrors.,     Remote power door locks.,       Tachometer.,                    Trailer hitch.,                 Transmission hill holder.,      Trip computer.,                 Universal remote transmitter.,  wireless phone connectivity.,   Front Full Feature Bucket Seats.,                               Radio: Chevrolet MyLink w/Navigation.,                          Ultrasonic Front & Rear Park Assist.,                           Single-Stage Driver & Front Passenger Air Bags.,                Integrated Trailer Brake Controller.,                           Leather Wrapped Heated Steering Wheel.,                         Provision for Cab Roof-Mounted Lamp/Beacon.,                    8-way power adjustable drivers seat.,                           Air conditioning with dual zone climate control.,               Audio controls on steering wheel.,                              Overhead console - Mini with storage.,                          Signal mirrors - Turn signal in mirrors.,                       Speed-proportional power steering.,                             Stability control - Stability control with anti-roll.,          Tilt and telescopic steering wheel.,                            Traction control - ABS and driveline.,                          Multi-function remote - Trunk/hatch/door/tailgate  remote engine start.



    ",2016 Chevrolet Silverado 3500HD,4wd,diesel,37939,white
https://minneapolis.craigslist.org/dak/ctd/d/2008-chevrolet-silverado-1500/6641209806.html,2008 Chevrolet Silverado 1500 LT1,"Belle Plaine, MN","
        




CLEAN VEHICLE HISTORY, RECENT TRADE IN, 4x4 / AWD / 4WD, TRAILER HITCH, WOW VERY CLEAN TRUCK!! 5.3L V8 SILVERADO, CREW CAB!, TRAILER PACKAGE, GOOD TIRES, POWER DRIVER SEAT, KEYLESS ENTRY, REMOTE START!!, Silverado 1500 LT LT1, Vortec 5.3L V8 SFI Flex Fuel, 4WD, 1LT Convenience Package, Dual Zone Automatic Climate Control, Front Halogen Fog Lamps, Remote Vehicle Starter System, Steering Wheel Mounted Audio Controls. Recent Arrival! Clean CARFAX.Awards:  * 2008 KBB.com Brand Image Awards 2008 Chevrolet Silverado 1500 LTPower Pack Plus.,               1LT Convenience Package.,       Off-Road Suspension Package.,   Skid Plate Package.,            3.73 Rear Axle Ratio.,          4 Doors.,                       4-wheel ABS brakes.,            5.3 liter V8 engine.,           Air conditioning.,              Automatic Transmission.,        Bed Length - 69.3 '.,           Clock - In-radio display.,      Compass.,                       Cruise control.,                Daytime running lights.,        Dusk sensing headlights.,       Engine hour meter.,             External temperature display.,  Four-wheel drive.,              Front seat type - Split-bench., Intermittent window wipers.,    Overhead console - Mini.,       Passenger Airbag.,              Pickup Bed Type - Regular.,     Power heated mirrors.,          Power steering.,                Privacy/tinted glass.,          Rear defogger.,                 Remote power door locks.,       Split-bench rear seats.,        Tachometer.,                    Tilt steering wheel.,           Heavy-Duty Trailering Equipment.,                               Heavy-Duty Rear Automatic Locking Differential.,                6-Way Power Driver Seat Adjuster.,                              Wheels: 17' x 7.5' Custom Aluminum (4).,                        Tires: P265/70R17 On-/Off-Road WOL.,                            HD Auxiliary External Transmission Oil Cooler.,                 Fuel economy EPA highway (mpg): 19 and EPA city (mpg): 14.,     Stability control - Stability control with anti-roll.,          Traction control - ABS and driveline.,                          



    ",2008 Chevrolet Silverado 1500,4wd,gas,142269,clean
https://minneapolis.craigslist.org/dak/ctd/d/2008-chevrolet-silverado-1500/6641209781.html,2008 Chevrolet Silverado 1500 LT1,"Belle Plaine, MN","
        




CLEAN VEHICLE HISTORY, ONE OWNER, 4x4 / AWD / 4WD, 1 OWNER LOCAL TRADE!! 20' ALLUMINUM WHEELS, POWER DRIVER SEAT, REMOTE START, 5.3L V8! NICE TRUCK!, Silverado 1500 LT LT1, Vortec 5.3L V8 SFI. Recent Arrival! Odometer is 30144 miles below market average! Clean CARFAX. CARFAX One-Owner.Awards:  * 2008 KBB.com Brand Image Awards 2008 Chevrolet Silverado 1500 LTAll Star Edition.,              Safety Package.,                1LT Convenience Package.,       EZ-Lift Tailgate Package.,      4 Doors.,                       4-wheel ABS brakes.,            5.3 liter V8 engine.,           Air conditioning.,              Automatic Transmission.,        Bed Length - 78.7 '.,           Chrome grill.,                  Clock - In-radio display.,      Compass.,                       Cruise control.,                Daytime running lights.,        Dusk sensing headlights.,       Engine hour meter.,             External temperature display.,  Four-wheel drive.,              Front seat type - Split-bench., Intermittent window wipers.,    Overhead console - Mini.,       Passenger Airbag.,              Pickup Bed Type - Regular.,     Power heated mirrors.,          Power steering.,                Privacy/tinted glass.,          Rear defogger.,                 Remote power door locks.,       Split-bench rear seats.,        Tachometer.,                    Tilt steering wheel.,           Front & Rear Head Curtain Side-Impact Air Bags.,                Heavy-Duty Trailering Equipment.,                               Heavy-Duty Rear Automatic Locking Differential.,                6-Way Power Driver Seat Adjuster.,                              HD Auxiliary External Transmission Oil Cooler.,                 Fuel economy EPA highway (mpg): 19 and EPA city (mpg): 14.,     



    ",2008 Chevrolet Silverado 1500,4wd,gas,85454,silver
https://minneapolis.craigslist.org/dak/ctd/d/2017-chevrolet-silverado/6641211379.html,2017 Chevrolet Silverado 2500HD High Country,"Belle Plaine, MN","
        




SUPER LOW MILEAGE, CLEAN VEHICLE HISTORY, MOONROOF SUNROOF,**REAR DVD ENTERTAINMENT** ASSIST STEPS, TONNEAU COVER, LEATHER, INCLUDES WARRANTY, ONE OWNER, TRAILER PACKAGE, HIGH COUNTRY!! POWER SUNROOF, 20' CHOME WHEELS, HEATED AND COOLED SEATS, SPRAY IN BEDLINER, 6.6L DURAMAX DIESEL, REMOTE START, CHROME STEPS, DEEP OCEAN BLUE!!, Silverado 2500HD High Country, Duramax 6.6L V8 Turbodiesel, 110-Volt AC Power Outlet, 4' Round Chromed Assist Steps (LPO), 4.2' Diagonal Color Display Driver Info Center, 6' Rectangular Chromed Assist Steps (LPO), Auto-Dimming Inside Rear-View Mirror, Bright Sill Plates, Chrome Bodyside Moldings, Chrome Door Handles, Chrome Mirror Caps, Color-Keyed Carpeting Floor Covering, Deep-Tinted Glass, Digital Steering Assist, Driver & Front Passenger Vanity Mirror Visors, Dual-Zone Automatic Climate Control, Electric Rear-Window Defogger, Electronic Shift Transfer Case, EZ-Lift & Lower Tailgate, Front Halogen Fog Lamps, HD Radio, Heated Power-Adjustable Outside Mirrors, Leather-Wrapped Steering Wheel, Manual Tilt-Wheel/Telescoping Steering Column, OnStar 3 Month Guidance Plan, OnStar 4G LTE Wi-Fi Hotspot, Power Sliding Rear Window w/Defogger, Power Windows w/Driver Express Up & Down, Preferred Equipment Group 3LZ, Rear 60/40 Folding Bench Seat (Folds Up), Rear Vision Camera, Rear Wheelhouse Liners, Remote Keyless Entry, Remote Locking Tailgate, Remote Vehicle Starter System, Single Slot CD/MP3 Player, SiriusXM Satellite Radio, Spray-On Pickup Box Bed Liner w/Bowtie Logo, Steering Wheel Audio Controls, Trailering Equipment, Unauthorized Entry Theft-Deterrent System, Universal Home Remote. Clean CARFAX. CARFAX One-Owner.2017 Chevrolet Silverado 2500HD High CountryDuramax Plus Package.,          Power Sunroof.,                 All-Weather Floor Liner (LPO)., 220 Amps Alternator.,           LED Cargo Box Lighting.,        Engine Block Heater.,           4 Doors.,                       4-wheel ABS brakes.,            4WD Type - Part-time.,          Automatic Transmission.,        Chrome grill.,                  Compass.,                       Cooled - Driver and passenger., Cruise control.,                Daytime running lights.,        Driver memory seats.,           Dusk sensing headlights.,       External temperature display.,  Four-wheel drive.,              Front fog/driving lights.,      Front seat type - Bucket.,      Heated drivers seat.,           Heated passenger seat.,         Intermittent window wipers.,    Leather seats.,                 Memory settings for 2 drivers., Passenger Airbag.,              Power heated mirrors.,          Privacy/tinted glass.,          Remote engine start.,           Remote power door locks.,       Split-bench rear seats.,        Tachometer.,                    Universal remote transmitter.,  Tri-Fold Hard Tonneau Cover (LPO).,                             4' Round Chromed Assist Steps (LPO).,                           Chrome Power-Adjustable Heated Trailering Mirrors.,             8-way power adjustable drivers seat.,                           8-way power adjustable passenger seat.,                         Air conditioning with dual zone climate control.,               Audio controls on steering wheel.,                              Head airbags - Curtain 1st and 2nd row.,                        Limited slip differential - Mechanical.,                        Tilt and telescopic steering wheel.,                            Multi-function remote - Trunk/hatch/door/tailgate  remote engine start.



    ",2017 Chevrolet Silverado 2500HD,4wd,diesel,15083,blue
https://minneapolis.craigslist.org/dak/ctd/d/2000-chevrolet-silverado-1500/6641211085.html,2000 Chevrolet Silverado 1500 LS,"Belle Plaine, MN","
        




SUPER LOW MILEAGE, CLEAN VEHICLE HISTORY, TRAILER HITCH, WOW ONLY 35,500 ORIGINAL MILES!! VERY CLEAN TRUCK!!! STRAIGHT OUT OF THE SOUTH SO NO RUST!!! 5.3L V8, POWER WINDOWS, KEYLESS ENTRY, CRUISE CONTROL! HARD TONNEAU COVER, VERY CLEAN, ONLY 35,500 MILES!!, Silverado 1500 LS, Vortec 5.3L V8 SFI, Fourth Door, Preferred Equipment Group 1SB. New Price! Odometer is 133958 miles below market average! Clean CARFAX.2000 Chevrolet Silverado 1500 LSEngine: Vortec 5300 V8 SFI.,    Fourth Door.,                   Tires: P255/70R16 AS WOL.,      Locking Differential.,          Wheels: 16' Cast Aluminum.,     Deep Tinted Solar Ray Glass.,   HD Suspension.,                 4-wheel ABS brakes.,            Clock - In-radio display.,      Daytime running lights.,        Dusk sensing headlights.,       Intermittent window wipers.,    Rear bench seats.,              Rear-wheel drive.,              Tachometer.,                    Tilt steering wheel.,           Transmission: 4-Speed Automatic.,                               Radio: ETR AM/FM Stereo w/CD/Cass/ATC.,                         Fuel economy EPA highway (mpg): 20 and EPA city (mpg): 16.,     Speed-proportional power steering.,                             



    ",2000 Chevrolet Silverado 1500,rwd,gas,35525,clean
https://minneapolis.craigslist.org/dak/ctd/d/2015-chevrolet-silverado-1500/6641211106.html,2015 Chevrolet Silverado 1500 LT,"Belle Plaine, MN","
        




CLEAN VEHICLE HISTORY, INCLUDES WARRANTY, ONE OWNER, 4x4 / AWD / 4WD, BLUETOOTH, CLEAN 1 OWNER LEASE RETURN, POWER DRIVER SEAT, REMOTE START, HEATED CLOTH SEATS, TRAILER BRAKE CONTROLER, DUAL CLIMATE CONTROL, POWER SLIDING REAR WINDOW, REAR PARK ASSIST!, Silverado 1500 LT LT2, V8, 6-Speed Automatic Electronic with Overdrive, 110-Volt AC Power Outlet, 150 Amp Alternator, 4.2' Diagonal Color Display Driver Info Center, 6 Speaker Audio System, ABS brakes, Bluetooth速 For Phone, Body Color Bodyside Moldings, Body Color Door Handles, Body-Color Mirror Caps, Body-Color Power Adjustable Heated Outside Mirrors, Chrome Grille Surround, Color-Keyed Carpeting w/Rubberized Vinyl Floor Mats, Compass, Deep-Tinted Glass, Driver & Front Passenger Illuminated Vanity Mirrors, Dual-Zone Automatic Climate Control, Electric Rear-Window Defogger, Electronic Stability Control, Emergency communication system, EZ Lift & Lower Tailgate, Front Chrome Bumper, Front Halogen Fog Lamps, Heated door mirrors, Illuminated entry, Leather Wrapped Steering Wheel w/Cruise Controls, Low tire pressure warning, LT Convenience Package, Manual Tilt Wheel Steering Column, OnStar 6 Months Directions & Connections Plan, OnStar w/4G LTE, Power Windows w/Driver Express Up, Preferred Equipment Group 2LT, Radio: AM/FM 8' Diagonal Color Touch Screen, Rear 60/40 Folding Bench Seat (Folds Up), Rear Chrome Bumper, Rear Vision Camera w/Dynamic Guide Lines, Rear Wheelhouse Liners, Remote Keyless Entry, Remote keyless entry, Remote Vehicle Starter System, Single Slot CD/MP3 Player, SiriusXM Satellite Radio, Steering Wheel Audio Controls, Theft Deterrent System (Unauthorized Entry), Traction control. Clean CARFAX. CARFAX One-Owner.2015 Chevrolet Silverado 1500 LTAll Star Edition.,              Engine: 5.3L EcoTec3 V8.,       LT Plus Package.,               4 Doors.,                       4-wheel ABS brakes.,            4WD Type - Part and full-time., Air conditioning.,              Automatic Transmission.,        Bed Length - 78.9 '.,           Bluetooth.,                     Clock - In-radio display.,      Compass.,                       Cruise control.,                Cylinder Deactivation.,         Daytime running lights.,        Dusk sensing headlights.,       Engine hour meter.,             External temperature display.,  Four-wheel drive.,              Intermittent window wipers.,    Passenger Airbag.,              Pickup Bed Type - Regular.,     Power heated mirrors.,          Privacy/tinted glass.,          Remote power door locks.,       Split-bench rear seats.,        Tachometer.,                    Transmission hill holder.,      Trip computer.,                 6' Rectangular Black Tubular Assist Steps (LPO).,               Wheels: 18' x 8.5' Bright Machined Aluminum.,                   Integrated Trailer Brake Controller.,                           Audio controls on steering wheel.,                              Fuel economy EPA highway (mpg): 22 and EPA city (mpg): 15.,     Head airbags - Curtain 1st and 2nd row.,                        Overhead console - Mini with storage.,                          Satellite communications - OnStar Directions & Connections.,    Speed-proportional power steering.,                             Stability control - Stability control with anti-roll.,          Traction control - ABS and driveline.,                          



    ",2015 Chevrolet Silverado 1500,4wd,gas,35555,black
https://minneapolis.craigslist.org/dak/ctd/d/2016-chevrolet-silverado-1500/6641218504.html,2016 Chevrolet Silverado 1500 LTZ,"Jordan, MN","
        


address:    phone:      &phone; text:        
link:        
contact:    



								    									    
This able Truck, with its grippy 4WD, will handle anything mother nature decides to throw at you* Gassss saverrrr!!! 21 MPG Hwy! Special Internet Pricing on this versatile LTZ* Awesome!!! Very Low Mileage: LESS THAN 30k miles* It just doesn't get any better!! This Silverado 1500 is simply outstanding in every aspect. One of the finest cars around, you won't believe what you get for the money* Why pay more for less? Price lowered* Optional equipment includes: Engine: 6.2L EcoTec3 V8, Wheels: 20"" x 9"" Chrome, LTZ Plus Package, Enhanced Driver Alert Package, Heated & Vented Front Seating, Front Full Feature Power Reclining Bucket Seats, Bose Speaker System, Radio: AM/FM 8"" Diagonal Clr Touch Nav, Integrated Trailer Brake Controller, LED Cargo Box Lighting...4-wheel ABS brakes.,            6.2 liter V8 engine.,           Automatic Transmission.,        Bluetooth.,                     Cruise control.,                Driver memory seats.,           Heated drivers seat.,           Heated passenger seat.,         Leather seats.,                 Memory settings for 2 drivers., Passenger Airbag.,              Remote power door locks.,       Universal remote transmitter.,  Air conditioning with dual zone climate control.,               Audio controls on steering wheel.,                              Fuel economy EPA highway (mpg): 21 and EPA city (mpg): 15.,     Head airbags - Curtain 1st and 2nd row.,                        Tilt and telescopic steering wheel.,                            Traction control - ABS and driveline.,                          Multi-function remote - Trunk/hatch/door/tailgate- remote engine start.

address:    phone:      &phone; text:        
link:        
contact:    


    ",2016 Chevrolet Silverado 1500,4wd,gas,29831,clean
https://minneapolis.craigslist.org/dak/ctd/d/2017-chevrolet-silverado-1500/6641210972.html,2017 Chevrolet Silverado 1500 LTZ,"Belle Plaine, MN","
        




CLEAN VEHICLE HISTORY, MOONROOF SUNROOF, LEATHER, 4x4 / AWD / 4WD, TRAILER HITCH, GREAT TRUCK!! 6.2L V8!! POWER SUNROOF, CHROME 20' WHEELS, BUCKET SEATS, HEATED LEATHER. BOSE SOUND! 6.2L V8!!, Silverado 1500 LTZ 1LZ, EcoTec3 6.2L V8, 110-Volt AC Power Outlet, 150 Amp Alternator, 4.2' Diagonal Color Display Driver Info Center, 6 Speaker Audio System, Auto-Dimming Inside Rear-View Mirror, Auxiliary External Transmission Oil Cooler, Bluetooth速 For Phone, Chrome Bodyside Moldings, Chrome Cap Power-Adjustable Heated Outside Mirrors, Chrome Door Handles, Chrome Grille Surround, Chrome Mirror Caps, Color-Keyed Carpeting w/Rubberized Vinyl Floor Mats, Deep-Tinted Glass, Driver & Front Passenger Illuminated Vanity Mirrors, Dual-Zone Automatic Climate Control, Electric Rear-Window Defogger, EZ Lift & Lower Tailgate, Front Chrome Bumper, Front Frame-Mounted Black Recovery Hooks, HD Radio, Heavy-Duty Rear Locking Differential, Leather Wrapped Heated Steering Wheel, Leather Wrapped Steering Wheel w/Cruise Controls, LED Taillamps w/Signature, LTZ Plus Package, Manual Tilt/Telescoping Steering Column, OnStar 3 Months Guidance Plan, OnStar w/4G LTE, Power Adjustable Pedals, Power Sliding Rear Window, Power Windows w/Driver Express Up, Preferred Equipment Group 1LZ, Rear 60/40 Folding Bench Seat (Folds Up), Rear Chrome Bumper, Rear Vision Camera, Rear Wheelhouse Liners, Remote Keyless Entry, Remote Locking Tailgate, Remote Vehicle Starter System, Single Slot CD/MP3 Player, Steering Wheel Audio Controls, Theft Deterrent System (Unauthorized Entry), Thin Profile LED Fog Lamps, Trailering Package, Universal Home Remote. Odometer is 5209 miles below market average! Clean CARFAX.Awards:  * 2017 KBB.com 10 Most Awarded Brands 2017 Chevrolet Silverado 1500 LTZEngine: 6.2L EcoTec3 V8.,       Sport Package.,                 Wheels: 20' x 9' Chrome.,       LTZ Plus Package.,              Power Sunroof.,                 Enhanced Driver Alert Package., Heated & Vented Front Seating., Bose Speaker System.,           Spray-On Pickup Box Bed Liner., All-Weather Floor Liner (LPO)., Rubber Bed Mat (LPO).,          Polished Exhaust Tip (LPO).,    LED Cargo Box Lighting.,        4 Doors.,                       4-wheel ABS brakes.,            4WD Type - Part and full-time., Automatic Transmission.,        Compass.,                       Cruise control.,                Cylinder Deactivation.,         Daytime running lights.,        Driver memory seats.,           Dusk sensing headlights.,       External temperature display.,  Four-wheel drive.,              Front fog/driving lights.,      Heated drivers seat.,           Heated passenger seat.,         Intermittent window wipers.,    Leather seats.,                 Memory settings for 2 drivers., Passenger Airbag.,              Privacy/tinted glass.,          Remote engine start.,           Remote power door locks.,       Split-bench rear seats.,        Tachometer.,                    Universal remote transmitter.,  6' Rectangular Chromed Tubular Assist Steps.,                   Front Full Feature Power Reclining Bucket Seats.,               Radio: AM/FM 8' Diagonal Clr Touch Nav.,                        Integrated Trailer Brake Controller.,                           Rear Under-Seat Composite Storage Bin (LPO).,                   8-way power adjustable drivers seat.,                           8-way power adjustable passenger seat.,                         Air conditioning with dual zone climate control.,               Audio controls on steering wheel.,                              Auto-dimming mirrors - Electrochromatic  driver only.,          Fuel economy EPA highway (mpg): 20 and EPA city (mpg): 14.,     Head airbags - Curtain 1st and 2nd row.,                        Limited slip differential - Mechanical.,                        Tilt and telescopic steering wheel.,                            Multi-function remote - Trunk/hatch/door/tailgate  remote engine start.



    ",2017 Chevrolet Silverado 1500,4wd,gas,20004,white
https://minneapolis.craigslist.org/hnp/ctd/d/2012-chevrolet-silverado-1500/6641218048.html,2012 Chevrolet Silverado 1500 LT,"Loretto, MN","
        


address:    phone:      &phone; text:        
link:        
contact:    



Welcome to Laurent Motor Cafe. We are your premier pre-owned auto dealer. We believe in fair prices and excellent customer service. So when it comes to buying or servicing your vehicle, we want you to visit our dealership. Our friendly, professional sales staff, highly trained service technicians, and an ongoing commitment to customer care, all set us apart from the others. Stop in Today!! We are located just minutes west of Twin Cities on Hwy 55 in Loretto, MN.

We accept all trade types. FINANCING AVAILABLE O.A.C. At Laurent Motor Cafe you will never feel pressure to buy but freedom to choose. For more info and a test drive give us a call or text today at 763-478-6500. If we don't have what you are looking for, let us locate it for you.Stability Control.,             Seats Cloth Upholstery.,        Airbags - Front - Dual.,        Air Conditioning - Front.,      Airbags - Front - Side.,        Airbags - Rear - Side Curtain., Assist Handle Front.,           Reading Lights Front.,          ABS Brakes (4-Wheel).,          Child Seat Anchors.,            Cruise Control.,                Body Side Moldings Body-Color., Power Steering.,                Windows Tinted.,                Power Outlet(s) 12V.,           Trip Odometer.,                 Rear Bumper Color Chrome.,      Power Door Locks.,              Exterior Mirrors Power.,        Headlights Auto On/Off.,        Mirror Color Black.,            Front Seatbelts: 3-Point.,      Traction Control.,              Seatbelts Second Row 3-Point.,  Rear Seats 60-40 Split Bench.,  Front Suspension Type: Strut.,  Tachometer.,                    Vanity Mirrors Dual.,           Cargo Bed Light.,               Rear Seats Folds Up.,           Daytime Running Lights.,        One-Touch Windows: 1.,          Front Headrests Adjustable.,    Suspension Rear Leaf Springs.,  Suspension Heavy Duty.,         Power Windows.,                 AM/FM Stereo Radio.,            CD Player.,                     Air Conditioning - Front - Single Zone.,                        Airbags - Side-curtain Rollover Sensor.,                        Center Console Front Console With Armrest And Storage.,         Multi-function Remote Keyless Entry.,                           Driver Seat Manual Adjustments: Recline.,                       Drivetrain Transfer Case: Electronic Hi-Lo Gear Selection.,     Driver Seat Adjustable Lumbar Support: Manual.,                 Engine Remote Starter Prewiring.,                               Front Suspension Classification: Independent.,                  Seats Front Seat Type: 40-20-40 Split Bench.,                   Passenger Seat Manual Adjustments: Recline.,                    Exterior Mirrors Manual Folding.,                               Windows Front Wipers: Intermittent.,                            Suspension Rear Gas Shock Absorbers.,                           Suspension Front Spring Type: Coil Springs.,                    Suspension Front Arm Type: Upper And Lower Control Arms.,       Suspension Front Shock Type: Gas Shock Absorbers.,              Warnings And Reminders Lamp Failure Low Fuel Engine Oil Coolant.

address:    phone:      &phone; text:        
link:        
contact:    


    ",2012 Chevrolet Silverado 1500,4wd,gas,97920,black
https://minneapolis.craigslist.org/dak/ctd/d/2017-chevrolet-silverado-1500/6641210971.html,2017 Chevrolet Silverado 1500 LTZ,"Belle Plaine, MN","
        




SUPER LOW MILEAGE, CLEAN VEHICLE HISTORY, MOONROOF SUNROOF, LEATHER, 4x4 / AWD / 4WD, WOW SUPER LOW MILEAGE 6.2L V8!!! POWER SUNROOF, BUCKET SEATS, BOSE SOUND, CHROME 20' WHEELS AND CHROME ASSIST STEPS, SPRAY IN BEDLINER!!, Silverado 1500 LTZ 1LZ, EcoTec3 6.2L V8, 110-Volt AC Power Outlet, 150 Amp Alternator, 4.2' Diagonal Color Display Driver Info Center, 6 Speaker Audio System, Auto-Dimming Inside Rear-View Mirror, Auxiliary External Transmission Oil Cooler, Bluetooth速 For Phone, Chrome Bodyside Moldings, Chrome Cap Power-Adjustable Heated Outside Mirrors, Chrome Door Handles, Chrome Grille Surround, Chrome Mirror Caps, Color-Keyed Carpeting w/Rubberized Vinyl Floor Mats, Deep-Tinted Glass, Driver & Front Passenger Illuminated Vanity Mirrors, Dual-Zone Automatic Climate Control, Electric Rear-Window Defogger, EZ Lift & Lower Tailgate, Front Chrome Bumper, Front Frame-Mounted Black Recovery Hooks, HD Radio, Heavy-Duty Rear Locking Differential, Leather Wrapped Heated Steering Wheel, Leather Wrapped Steering Wheel w/Cruise Controls, LED Taillamps w/Signature, LTZ Plus Package, Manual Tilt/Telescoping Steering Column, OnStar 3 Months Guidance Plan, OnStar w/4G LTE, Power Adjustable Pedals, Power Sliding Rear Window, Power Windows w/Driver Express Up, Preferred Equipment Group 1LZ, Rear 60/40 Folding Bench Seat (Folds Up), Rear Chrome Bumper, Rear Vision Camera, Rear Wheelhouse Liners, Remote Keyless Entry, Remote Locking Tailgate, Remote Vehicle Starter System, Single Slot CD/MP3 Player, Steering Wheel Audio Controls, Theft Deterrent System (Unauthorized Entry), Thin Profile LED Fog Lamps, Trailering Package, Universal Home Remote. New Price! Priced below KBB Fair Purchase Price! Odometer is 8085 miles below market average! Clean CARFAX.Certified.Chevrolet Certified Pre-Owned Details:  * Warranty Deductible: $0  * Transferable Warranty  * Powertrain Limited Warranty: 72 Month/100,000 Mile (whichever comes first) from original in-servicEngine: 6.2L EcoTec3 V8.,       Sport Package.,                 Wheels: 20' x 9' Chrome.,       LTZ Plus Package.,              Power Sunroof.,                 Enhanced Driver Alert Package., Heated & Vented Front Seating., Bose Speaker System.,           Spray-On Pickup Box Bed Liner., All-Weather Floor Liner (LPO)., Rubber Bed Mat (LPO).,          Polished Exhaust Tip (LPO).,    LED Cargo Box Lighting.,        4 Doors.,                       4-wheel ABS brakes.,            4WD Type - Part and full-time., Automatic Transmission.,        Compass.,                       Cruise control.,                Cylinder Deactivation.,         Daytime running lights.,        Driver memory seats.,           Dusk sensing headlights.,       External temperature display.,  Four-wheel drive.,              Front fog/driving lights.,      Heated drivers seat.,           Heated passenger seat.,         Intermittent window wipers.,    Leather seats.,                 Memory settings for 2 drivers., Passenger Airbag.,              Privacy/tinted glass.,          Remote engine start.,           Remote power door locks.,       Split-bench rear seats.,        Tachometer.,                    Universal remote transmitter.,  6' Rectangular Chromed Tubular Assist Steps.,                   Front Full Feature Power Reclining Bucket Seats.,               Radio: AM/FM 8' Diagonal Clr Touch Nav.,                        Integrated Trailer Brake Controller.,                           Rear Under-Seat Composite Storage Bin (LPO).,                   8-way power adjustable drivers seat.,                           8-way power adjustable passenger seat.,                         Air conditioning with dual zone climate control.,               Audio controls on steering wheel.,                              Auto-dimming mirrors - Electrochromatic  driver only.,          Fuel economy EPA highway (mpg): 20 and EPA city (mpg): 14.,     Head airbags - Curtain 1st and 2nd row.,                        Limited slip differential - Mechanical.,                        Tilt and telescopic steering wheel.,                            Multi-function remote - Trunk/hatch/door/tailgate  remote engine start.



    ",2017 Chevrolet Silverado 1500,4wd,gas,17128,white
https://minneapolis.craigslist.org/dak/cto/d/2012-chevrolet-silverado-2500/6641216408.html,2012 Chevrolet Silverado 2500 HD,Burnsville,"
        
Good condition 4x4 2500 HD. Has some extras and a bed topper.    ",2012 chevrolet 2500 silverado,gas,135000,lien,automatic
https://minneapolis.craigslist.org/dak/ctd/d/2015-chevrolet-silverado/6641215199.html,2015 Chevrolet Silverado 2500HD LT,"Shakopee, MN","
        


address:    phone:      &phone;  
link:        
contact:    




A Beautiful Local Trade In Vehicle, Loaded with all the goodies, LT, Factory O/S Navigation, Like New V-Plow in wonderful condition priced to sell!    Thank you for choosing to look at Shakopee Chevrolet's Chevrolet Silverado 2500 LT Crew Cab that is in terrific condition with the perfect color and options! A full sized truck and a pickup truck with Factory Navigation, Power Moon Roof and a 6 Spd automatic transmission for world class fuel economy. This 2500 LT is loaded with a Bose O/S Factory Navigation Audio System,  6.0 Liter V8, comfortable seating for 5, AM/FM satellite radio, steering wheel audio controls, Big Factory LT Aluminum rims, and gloss Red Paint with loads of cargo space. You can count on solid performance along with confident handling in any and all types of driving situations. Our LT gives you all the family room and hauling you need. Great tires, power windows, power door locks, CD player, front tow hooks, traction control and ABS brakes. Come in to test drive this Silverado 2500 LT today at Shakopee Chevrolet!    We are a local, family owned dealership that offers out customers a great value for a clean vehicle by maintaining low operating expenses. We then pass on the savings and excellent customer service to you. Stop by and see for yourself.4 Wheel Drive.,                 Heated Front Seats.,            Heated Driver Seat.,            On-Star System.,                Rear Back Up Camera.,           XM Satellite Radio.,            Wheels-Aluminum.,               Towing Package.,                Blue Tooth Communications.,     Trip Odometer.,                 Brakes-ABS-4 Wheel.,            4 Wheel Disc Brakes.,           Steering Wheel Controls.,       Outside Temperature Display.,   Running Boards.,                Child Seat Anchors.,            Mirrors-Folding.,               Tachometer.,                    Daytime Running Lights.,        Compass.,                       Tow Hooks-Front.,               Sunglass Holders.,              Map Pockets.,                   Console.,                       Short Bed.,                     Bed Liner.,                     Bed Liner - Spray On.,          Window Locks.,                  Auto Lock System.,              Clock.,                         Cup Holders.,                   Snow Plow.,                     5 Passenger Seating.,           Power Window - Driver One Touch Down.,                          

address:    phone:      &phone;  
link:        
contact:    


    ",2015 Chevrolet Silverado 2500HD,4wd,gas,33857,red
https://minneapolis.craigslist.org/hnp/ctd/d/1999-chevy-silverado-4x4/6641223317.html,1999 CHEVY SILVERADO 4X4,RUM RIVER AUTO SALES CAMBRIDGE,"
        


































1999 CHEVROLET SILVERADO - Stock # 10529
Offered by: RUM RIVER AUTO SALES
55386-10529-79382-4468657
    ",1999 chevrolet 1500 silverado,clean,automatic,,
https://minneapolis.craigslist.org/wsh/ctd/d/2014-chevrolet-3500-duramax/6641221578.html,2014 chevrolet 3500 Duramax diesel crew cab DRW flatbed 4x4 4wd,Forest Lake Greenway Ave,"
        
Solid out of state crew cab flatbed DRW 4x4 with 6.6L Duramax diesel. Flatbed is 8'W x 9'L and has a hide-away ball. LS W/T pkg. with power options, tilt, cruise, a/c, am/fm/stereo, 6 passenger cloth seating, camper/tow mirrors, gooseneck ball, tow pkg., clearance lights, brush guard bumper, mud flaps, and more! Professionally detailed, good tires, runs and drives great with 212,824 miles. 

You can view more pictures, info., and trucks @ WWW.WE-TRUCKS.COM. Trade-ins are always welcome and we do finance. 

Were located in Forest Lake off of HWY 8 and Greenway Ave. Please call (651) 775-7887 for details, directions, or to schedule an appointment. Thanks! 

HOURS OF OPERATION: Mon.-Thurs. 9:00 a.m. to 6:30 p.m. Friday 9:00 a.m. to 5:00 p.m. Saturday 9:00 a.m. to 3:00 p.m.    ",2014 chevrolet silverado 3500,good,8 cylinders,4wd,diesel
https://minneapolis.craigslist.org/ank/cto/d/2008-chev-3500-hd-duramax-ltz/6638286706.html,2008 chev 3500 hd duramax ltz,andover,"
        
2008 chev 3500 hd duramax,allison 8ft box runs and drives great!bose stereo, navigation    ",2008 chevrolet silverado,good,8 cylinders,4wd,diesel
https://minneapolis.craigslist.org/hnp/ctd/d/2012-chevrolet-silveradox4/6641232369.html,2012 Chevrolet Silverado 1500 4x4 4WD Chevy LT  ,Click to see BEST PRICE,"
        
2012ChevroletSilverado 1500T18695A1GCRKSE7XCZ209166LT107,959Black Granite Metallic / Ebony5.30 8  Cyl4WD City /  HwyRecent Arrival! PRICE INCLUDES $500 FINANCE CASH IF YOU FINANCE WITH FOREST LAKE CHEVROLET CADILLAC and $500 TRADE ASSIST IF YOU HAVE A 2013 OR NEWER VEHICLE UNDER 80,000 MILES THAT YOU TRADE. Certified by Carfax - No Accidents!, -Remote Start-, -Second Row Buckets-, -Trailer Tow-, Never been Smoked In! New Car Smell!!, Loaded with Safety Features!! Great Family Vehicle!, Best Color For Resale!, DUAL CLIMATE CONTROL, ON STAR HANDS FREE CALLING, TONNEAU COVER.Awards:  * JD Power Dependability StudyWhen you buy from Forest Lake Auto Group you have the comfort of knowing that every one of our front line ready vehicles go through our extensive inspection process by one of our certified technicians and if they do not pass we will not offer them for sale as a front line car. Why Buys!! Each one of our front line ready vehicles sold come with the following. Full tank of gas Full inspection done on every vehicle Guaranteed alternate transportation or loaner for all service customers WE MAKE BUYING EASY!!! Great Selection, Upfront Pricing, Free Trade Appraisals, Plus we will give you estimates on Financing and warranties, and we do it all with your time in mind! Call us at 651-464-1400. Easiest way to buy online! Financing for All credit situations! We have numerous lenders to meet your specific needs! Great rates for well qualified buyers!







 For quick answers to your questions about this2012ChevroletSilverado 1500 Forest Lake Chevrolet willsell, share, or spam your mobile number. Standard text messaging rates may apply. Although every effort is made to ensure the accuracy of our pricing, occasionally data entry errors may occur. Please call or see us to verify all pricing.

AD ID: 8F16460F10169351    ",2012 Chevrolet Silverado 1500,4wd,gas,107959,clean
https://minneapolis.craigslist.org/hnp/ctd/d/2002-chevrolet-silverado/6641227870.html,2002 Chevrolet Silverado 2500HD,Rogers,"
        
4x4 Crew Cab LT with 6.6 liter Duramax diesel, 40 gallon fuel tank, heated leather, new injectors. Super clean inside and out. We are located in Rogers, near Elk River and Maple Grove. Call Don at 7636390146 for appointment.

www.heartlandautoconnection.com

Heartland Auto Connection, Rogers, Mn    ",2002 Chevrolet Silverado 2500HD,excellent,8 cylinders,4wd,diesel
https://minneapolis.craigslist.org/ram/ctd/d/2015-chevrolet-silverado-1500/6641231515.html,2015 Chevrolet Silverado 1500 LT,"White Bear Lake, MN","
        


address:    phone:      &phone;  
link:        
contact:    




Only 31,080 Miles! Scores 22 Highway MPG and 16 City MPG! This Chevrolet Silverado 1500 delivers a Gas V8 5.3L/325 engine powering this Automatic transmission. WHEELS, 18 X 8.5 (45.7 CM X 21.6 CM) BRIGHT-MACHINED ALUMINUM, TRANSMISSION, 6-SPEED AUTOMATIC, ELECTRONICALLY CONTROLLED with overdrive and tow/haul mode. Includes Cruise Grade Braking and Powertrain Grade Braking (STD), TRAILERING PACKAGE includes trailer hitch, 7-pin and 4-pin connectors (Includes (G80) locking rear differential.. *This Chevrolet Silverado 1500 Comes Equipped with These Options * ALL STAR EDITION includes (AG1) driver 10-way power seat adjuster with (AZ3) bench seat only, (CJ2) dual-zone climate control, (BTV) Remote Vehicle Starter system, (IO5) MyLink 8 Diagonal Color Touch Screen audio system, (UVC) Rear Vision Camera, (C49) rear-window defogger and (KI4) 110-volt power outlet (Includes (Z82) Trailering Package, (G80) locking differential and (T3U) fog lamps. , TIRE, SPARE P265/70R17 ALL-SEASON, BLACKWALL, THEFT-DETERRENT SYSTEM, UNAUTHORIZED ENTRY, SEATS, FRONT 40/20/40 SPLIT-BENCH, 3-PASSENGER, AVAILABLE IN CLOTH OR LEATHER includes driver and front passenger recline with outboard head restraints and center fold-down armrest with storage. Also includes manually adjustable driver lumbar, lockable storage compartment in seat cushion, and storage pockets. (STD), SEATING, HEATED DRIVER AND FRONT PASSENGER, SEAT ADJUSTER, DRIVER 10-WAY POWER, REMOTE VEHICLE STARTER SYSTEM Includes (UTJ) Theft-deterrent system.), REAR VISION CAMERA WITH DYNAMIC GUIDE LINES, REAR AXLE, 3.42 RATIO, POWER OUTLET, 110-VOLT AC. * Visit Us Today * Come in for a quick visit at Walser Polar Chevrolet Mazda, 1801 East County Rd F, White Bear Lake, MN 55110 to claim your Chevrolet Silverado 1500!

address:    phone:      &phone;  
link:        
contact:    


    ",2015 Chevrolet Silverado 1500,4wd,gas,31080,red
https://minneapolis.craigslist.org/dak/cto/d/chevy-silverado-2007/6620717550.html,Chevy Silverado 2007,Apple Valley,"
        
Silverado extended cab 1500, V8, 5.3L. Lear topper with ladder racks and power locking door. Spray in bed liner.
This is a very clean, 1 owner truck. I am the only owner and have used full synthetic oil since the first oil change.
New tires. 
The rest of the truck is virtually dent free. No Accidents.
Please email or call 612-seven zero three-5025.
    ",2007 Chevy Silverado 1500,8 cylinders,4wd,gas,171059
https://minneapolis.craigslist.org/hnp/ctd/d/2002-chevrolet-silverado-1500/6641240060.html,"2002 Chevrolet Silverado 1500 HD Crew Cab-8' Long Box,6.0 V8,Topper!!",,"
        
Super condition 2002 Chevrolet Silverado 1500 HD Crew Cab Long box with matching topper. Fresh/local trade in on new, has Gm's best 6.0 high output V8, automatic, push button 4wd, heated leather seats, remote start, runs and drives beautiful-truck has 192,000 miles and runs like a watch. Truck has one dent on passenger side door. Truck is a One Owner. Please call STEVE at 651-775-7284. By appointment only. Thank you for looking!!    ",2002 Chevy Silverado 1500HD,8 cylinders,4wd,gas,192000
https://minneapolis.craigslist.org/ank/pts/d/2007-silverado-grille/6636843121.html,2007 Silverado grille,Coon Rapids,"
        
Used grille from a 07 Chevrolet Silverado. Will fit other years. See pics of the typical wrinkled chrome on the front. 3 plastic tabs are broken off on the backside (see pic of one of them), but the rest are there and are enough to fasten it down securely.

$20 cash

Grill chevy    ",,,,,
https://minneapolis.craigslist.org/hnp/cto/d/lifted-2011-chevy-silverado/6636651746.html,Lifted 2011 Chevy Silverado Crew Cab LTZ 2500HD 4x4,Duluth,"
        
I am regretfully selling this beast to buy something more family oriented. Okay that being said now about the truck.
2011 Chevy Silverado LTZ 2500 HD with the 6.0 vortec gas engine. The truck has 62,xxx miles and that will go up as its my daily driver. It has a BDS 6.5 inch suspension lift with 37x13.50x18 inch Toyo Open country Tires on Fuel wheels. This thing turns heads that's for sure!
Also has Bushwacker fender flares also has a spray in bed liner and a soft tonneau cover. 

Inside it has just about every option Chevy offered for that year including the Bose Premium sound system with a sub-woofer in the center counsel! Heated Leather Seats, adjustable pedals, key less entry and factory remote start, Reverse camera in the mirror.

 The exterior of the truck has a couple of minor scratches no dings or dents. The bed of the truck is also in perfect condition inside and out.  under the hood is equally spotless. The interior is flawless not a mark in the leather no stains on the carpet and no scratches in the plastic. This truck has never seen a day of work and has never been off road she's a pavement baby. It drives down the road straight as an arrow has no slop in the steering. Like I said it has been babied and well taken care of. I forgot to mention there is one negative about the truck the chrome is starting to come off the center of the rim on all 4 tires. I'm not sure if it can be repaired but it actually looks like its supposed to be like it is it's hard to explain without seeing it in person.

I am not being forced to sell so please no low ball offers! This truck is in near mint shape and has low miles so I am expecting the same in any trade offers!

Please contact me with questions or more pictures or to set up a time to come and check this thing out I promise you wont be disappointed!

Now on to what I would like. I would be interested in a PARTIAL trade for a All wheel drive  luxury car/suv Mercedes, BMW, Lexus, Infiniti  excetra...  Let me know what you have and maybe we can make a deal! 

There is a small lien on the truck which will be taken care of at time of sale I have title in hand.

Keywords Crew cab, Sliverado, Lifted pickup, Chevrolet, Off Road, 6.0 liter Gas,Dodge, Ford, GMC, LTZ, Loaded,    ",2011 Chevy Silverado 2500HD LTZ,excellent,8 cylinders,4wd,gas
https://minneapolis.craigslist.org/dak/cto/d/trade-or-sell/6641240394.html,Trade or Sell,,"
        
Has salvage title from what I was told was due to a break in and the truck was stolen, no idea if that's truly the case however I don't care it doesn't affect my insurance so I find it irrelevant.

Pros

New rim and tire set ($3K) right as winter ended

Brakes and Rotors done about 7-8 months ago got the nicest ones they had.

Loud dual 45 exhaust 

New aftermarket tail lights

New led light bar ( red running and brake lights, amber signal lights and white reverse lights)

New rear HD rear differential was put in when the tires got put on and runs like butter

Double Din touchscreen radio

New Z71 equivalent shocks put in all 4

Looks as though it's had engine work done but was done by last owner so not sure.

New bosch batter put in a year ago

Rust just starting on rocker panels

New bushwhacker fender flares installed 

Cold A/C and Hot Heat

Full synthetic oil every 3500

Mostly all highway miles

Truck is solid, reliable and clean is not perfect but it's a beast

Cons

Has airbag light on, I haven't even looked into it because I could personally careless

Sticky doors/handles just the back two doors either need the weather seal replaced and or the handles themselves they both open and shut just annoying is all.

Last thing is the ac has 5 settings and it doesn't blow on the highest every other setting works no problem.

All these listed are small annoyances and don't affect the truck whatsoever. Therefore that's why they haven't been taken care of yet. I bought the truck a year ago for 5,500 and since have put close to 12K into the truck. Again the truck ain't perfect but it's pretty close and the only reason I'm selling is I need another excursion and or a suburban for work. Will be rebuilding the front end within a month or two if I don't sell. I would be down to trade depending.
    ",2007 chevrolet 1500 silverado classic,8 cylinders,4wd,hybrid,192000
https://minneapolis.craigslist.org/ram/cto/d/2001-chevy-silverado-1500-lt/6633207320.html,2001 Chevy Silverado 1500 LT,"Hudson, WI","
        
I am selling my 2001 Chevy Silverado 1500 LT. It runs perfect. I haven't had a single issue with it. It starts great at -20 degrees and stays cool at 100 degrees. Everything works great. Ac/ heat, you name it.  I would love to keep this truck but I have to sell it because I can't have a vehicle for my first year of college. The interior is leather and is in great condition except for a small patch on the side of the driver's seat(covered by a leather seat cover). Also, the glove box tab is broken off, but that could easily be replaced or just keep your items in the large center console. Feel free to come check out the truck, but I can't sell it to you until early to mid August. Well maintained: scheduled oil changes, fluid checks, alignments, greased bearings, and frequent washes. 

Feel free to email or text if you want more pictures, have any questions, or want to set up a visit. $4500 or reasonable offer. 715-410-919seven    Andy

2001 Chevy Silverado 1500 LT
248,900 miles
4x4 (4-High, 4-low, Auto 4x4, and 2 wheel drive) Push button toggle
Vortec 5.3L V8
Extended cab
Grey, leather interior
Leather, Chevy seat cover/head rest cover
Chevy steering wheel cover
Beautiful silver/grey exterior
Smoked tail lights 
Plastic bed cover
Tool box
Blacked out chevy emblem
Blacked out rims
Cab lights
Towing mirros
Spectre Performance Air Intake
Type S interior floor lighting (49 color options)
2- 10inch subwoofers with pioneer sterio
    ",2001 Chevy Silverado 1500,8 cylinders,4wd,gas,clean
https://minneapolis.craigslist.org/hnp/pts/d/silverado-sierra-tuff-country/6641263194.html,"SILVERADO, SIERRA TUFF COUNTRY SX6000 FRONT SHOCKS #62232 - $89",,"
        
2 New Tuff Country SX6000 shocks # 62232 gas charged, comes with hardware, 2 red boots, 2 black plastic straps,
2 boxes. Fits Silverado, Sierra with 2-3"" lift. Location Hutchinson, shipping maybe available for extra...
*Reply through Craigslist ONLY, do not send my your email address to email you, do not send me your
phone number to call or text you.
$89.00


Tuff Country SX6000 Shock Absorber - 62232

Adjustable No
Boot Included Yes
Bushing Color Black
Bushing Material Polyurethane
Collapsed Length (in) 13.500 in.
Extended Length (in) 22.500 in.
Gas Charged Yes
Internal Design Twin-tube
Lower Mount Eyelet
Quantity 2
Upper Mount Stud
    ",new,Tough Country,62232,,
https://minneapolis.craigslist.org/dak/ctd/d/2005-chevrolet-silverado-ls/6641269344.html,2005 Chevrolet Silverado LS 4x4 Clean Carfax!,Savage,"
        
2005 Chevrolet Silverado 4x4 with 151,093 miles. This truck runs and drives great down the road and has a clean Carfax report. It's body and paint are in excellent condition. The interior is very clean and has no tears or stains in the grey cloth seats. It comes equipped with power windows, locks, mirrors, CD player, cruise control, and more options. Please go our website martysautos.com for a free CarFax and history report. Give us a call at (952) 894-4656 for any other questions you may have. 
www.martysautos.com	
Financing Available 
Accept Trades
    ",2005 chevrolet 1500 silverado,8 cylinders,4wd,gas,151093
https://minneapolis.craigslist.org/wsh/ctd/d/2012-chevrolet-silverado-1500/6641262943.html,2012 Chevrolet Silverado 1500 LTZ,"Hastings, MN","
        


address:    phone:      &phone; text:        
link:        
contact:    




Passenger Seat Heated.,         Passenger Seat Cooled.,         Rear View Monitor In Mirror.,   Engine Cylinder Deactivation.,  Stability Control.,             Auxiliary Audio Input.,         Satellite Radio.,               Premium Sound System.,          Alloy Wheels.,                  Driver Seat Heated.,            Driver Seat Cooled.,            Seats Leather Upholstery.,      Tow Hitch.,                     Topper.,                        On*Star System.,                Back Up Camera.,                Airbags - Front - Dual.,        Airbags - Front - Side.,        Airbags - Rear - Side Curtain., Audio - Premium Brand: Bose.,   Assist Handle Front.,           Reading Lights Front.,          ABS Brakes (4-Wheel).,          Child Seat Anchors.,            Cruise Control.,                Body Side Moldings Body-Color., Power Steering.,                Windows Tinted.,                Power Outlet(s) 12V.,           Remote Engine Start.,           Trip Odometer.,                 Rear Bumper Color Chrome.,      Exterior Mirrors Power.,        Headlights Auto On/Off.,        Front Seatbelts: 3-Point.,      Traction Control.,              Seatbelts Second Row 3-Point.,  One-Touch Windows: 2.,          Rear Seats 60-40 Split Bench.,  Front Suspension Type: Strut.,  Tachometer.,                    Front Fog Lights.,              Vanity Mirrors Dual.,           Cargo Bed Light.,               Seats Front Seat Type: Bucket., Rear Seats Folds Up.,           Daytime Running Lights.,        Front Headrests Adjustable.,    Suspension Rear Leaf Springs.,  Suspension Heavy Duty.,         Power Windows.,                 Windows Rear Defogger.,         Power Drivers Seat w/Memory.,   AM/FM Stereo Radio.,            CD Player.,                     Parking sensors - rear.,        Memorized Settings Includes Driver Seat.,                       Phone Wireless Data Link Bluetooth.,                            Air Conditioning - Front - Dual Zones.,                         Steering Wheel Mounted Controls Audio.,                         Air Conditioning - Front - Automatic Climate Control.,          Airbags - Side-curtain Rollover Sensor.,                        Center Console Front Console With Armrest And Storage.,         Steering Wheel Mounted Controls Cruise Controls.,               Driver Seat Adjustable Lumbar Support: Power.,                  Driver Seat Power Adjustments: 10.,                             Multi-function Remote Keyless Entry.,                           Drivetrain Transfer Case: Electronic Hi-Lo Gear Selection.,     Drivetrain Locking Differential: Rear.,                         Driver Seat Power Adjustments: Recline.,                        Passenger Seat Power Adjustments: 10.,                          Passenger Seat Power Adjustments: Recline.,                     Front Suspension Classification: Independent.,                  Inside Rearview Mirror Auto-Dimming.,                           Exterior Mirrors Integrated Turn Signals.,                      Exterior Mirrors Driver Side Auto-Dimming.,                     Passenger Seat Adjustable Lumbar Support: Power.,               Windows Front Wipers: Intermittent.,                            Suspension Rear Gas Shock Absorbers.,                           Suspension Front Spring Type: Coil Springs.,                    Towing And Hauling Trailer Hitch.,                              Towing And Hauling Trailer Wiring: 7-Pin.,                      Suspension Front Arm Type: Upper And Lower Control Arms.,       Suspension Front Shock Type: Gas Shock Absorbers.,              Seats - Driver Seat Power Adjustments: Height.,                 Seats - Passenger Seat Power Adjustments: Height.,              Warnings And Reminders Lamp Failure Low Fuel Engine Oil Coolant.

address:    phone:      &phone; text:        
link:        
contact:    


    ",2012 Chevrolet Silverado 1500,4wd,gas,82908,white
https://minneapolis.craigslist.org/csw/cto/d/price-reduced-1999-chevy/6626749576.html,Price Reduced! 1999 Chevy Silverado- Make offer,Monticello,"
        
For Sale 1999 Chevy Silverado with 235,000 miles.   
    ",1999 Chevrolet Silverado,8 cylinders,4wd,gas,235
https://minneapolis.craigslist.org/hnp/cto/d/2005-chevy-silverado-1500/6641297780.html,2005 Chevy Silverado 1500,Brooklyn Park,"
        
2005 Chevy Silverado 1500
Trim: Z71 4dr Crew Cab 4WD SB 
Transmission: Automatic
Engine: 5.3L V8
Miles: 290K

Update: Replaced master cylinder and brake booster. Replaced engine exhaust bolts to fix loud exhaust leak noise. No AC - tried to fix the actuator, AC compressor, and charge AC but no luck given. Tires are okay. RUST (pictured shown).

$3500 obo

Please give me a call if you are interested or have any question, my number is  
.

Thank you for looking.    ",2005 chevy silverado 1500,8 cylinders,4wd,gas,290000
https://minneapolis.craigslist.org/hnp/ctd/d/2013-chevrolet-silverado/6641330606.html,2013 Chevrolet Silverado 2500HD 4x4 4WD Chevy LTZ 4D Crew Cab ,Click to see BEST PRICE,"
        
2013ChevroletSilverado 2500HDPW3153A1GC1KYEG7DF148605LTZ50,519Victory Red / Light Cashmere/Dark Cashmere4D Crew Cab6 8  Cyl4WD City /  HwyRecent Arrival! PRICE INCLUDES $500 FINANCE CASH IF YOU FINANCE WITH FOREST LAKE CHEVROLET CADILLAC and $500 TRADE ASSIST IF YOU HAVE A 2013 OR NEWER VEHICLE UNDER 80,000 MILES THAT YOU TRADE. -Rear Vision Camera-, -Remote Start-, -Leather Heated Power Seat-, -Power Seat-, -Second Row Buckets-, -Trailer Tow-, Leather Upholstery on all Seating Surfaces, Great Looking and Wears Well!, Power Driver Seat w/ Memory, the memory system for the driver seat recalls stored positions!, Loaded with Safety Features!! Great Family Vehicle!, Best Color For Resale!, 4WD, RUNNING BOARDS, TONNEAU COVER, BED LINER, TRAILER BRAKE CONTROLLER, ON STAR HANDS FREE CALLING, VORTEC ENGINE.Odometer is 39851 miles below market average!When you buy from Forest Lake Auto Group you have the comfort of knowing that every one of our front line ready vehicles go through our extensive inspection process by one of our certified technicians and if they do not pass we will not offer them for sale as a front line car. Why Buys!! Each one of our front line ready vehicles sold come with the following. Full tank of gas Full inspection done on every vehicle Guaranteed alternate transportation or loaner for all service customers WE MAKE BUYING EASY!!! Great Selection, Upfront Pricing, Free Trade Appraisals, Plus we will give you estimates on Financing and warranties, and we do it all with your time in mind! Call us at 651-464-1400. Easiest way to buy online! Financing for All credit situations! We have numerous lenders to meet your specific needs! Great rates for well qualified buyers!







 For quick answers to your questions about this2013ChevroletSilverado 2500HD Forest Lake Chevrolet willsell, share, or spam your mobile number. Standard text messaging rates may apply. Although every effort is made to ensure the accuracy of our pricing, occasionally data entry errors may occur. Please call or see us to verify all pricing.

AD ID: 8F164D4010169351    ",2013 Chevrolet Silverado 2500HD,4wd,gas,50519,clean
https://minneapolis.craigslist.org/hnp/cto/d/2008-silverado-4x4-west-coast/6621660838.html,"2008 Silverado 4x4, west coast truck no rust",,"
        
2008 Silverado extended cab, 4x4, automatic, 5.3 v8, west coast truck one owner, no rust like minnesota trucks of same year, good tires, 177,000 miles, well maintained. $8000 compare to same truck at eden prairie chev. Last picture.    ",2008 chevrolet 1500 silverado,177000,clean,automatic,
https://minneapolis.craigslist.org/hnp/pts/d/transfer-case-silverado-92/6632996180.html,1988-1992 TRANSFER CASE SILVERADO 92 BLAZER SUBURBAN,ST CLOUD,"
        
1988-1992 TRANSFER CASE 1500 SILVERADO SUBURBAN(92+) YUKON 2500 3/4 TON SILVERADO 700R4 NP 241C HERE ARE THE NUMBERS 241C 1265 9719 6/23/92 3 272  WORKS GREAT! 
 
THANKS BILL  





TRANS 1989 1990 1991    ",,,,,
https://minneapolis.craigslist.org/hnp/ctd/d/2011-chevrolet-2500hd-60l-v8/6641329909.html,**2011 CHEVROLET 2500HD 6.0L V8 4WD REG CAB LONG BOX LIFTED**,CAMBRIDGE,"
        
**2011 CHEVROLET 2500HD REG CAB LONG BOX**

- 6.0L V8
- 4 WHEEL DRIVE
- AUTOMATIC TRANSMISSION
- 6"" LIFT
- AFTERMARKET RIMS
- CLOTH INTERIOR
- POWER WINDOWS AND LOCKS
- CLEAN CARFAX
- (763)689-5770

SANDS AUTO SALES..... WWW.CAMBRIDGETRUCKS.NET
 4032 308TH LN NW 
 CAMBRIDGE, MN 55008 ....!!!JUST WEST OF CAMBRIDGE ON HWY 47!!!

 763-689-5770: CALL 
 763-238-0406: TEXT

 BUISNESS HOURS:
 M -F: 9AM - 7PM
 SAT: 9AM - 3PM
 SUNDAY.....CLOSED..!!! 

KEYWORDS: 3/4 TON, F250, RAM 2500, HEAVY DUTY
    ",2011 chevrolet silverado 2500 hd,good,8 cylinders,4wd,gas
https://minneapolis.craigslist.org/ram/cto/d/2003-chevy-silverado-with/6636560010.html,2003 Chevy silverado with clean title. Runs great,st paul,"
        
Very nice 03 silverado extended cab with 190k miles and a lot of life left. Runs and drives great with a strong engine and tranny. 4x4, clean interior, minor faded paint in spots but not rusty, good tires, ce and abs is on, no major issues at all. Clean title and priced well below book so serious buyers only. $4400 Call or text tim at  
. Thanks    ",2003 chevy silverado 1500,8 cylinders,4wd,gas,190
https://minneapolis.craigslist.org/hnp/ctd/d/2001-chevrolet-silverado/6641333832.html,!!! 2001 CHEVROLET SILVERADO 2500HD EX. CAB SHORT BOX 4X4 !!!,"CAMBRIDGE, SANDS AUTO","
        
!!! 2001 CHEVROLET SILVERADO 2500HD EX. CAB SHORT BOX 4X4 !!!
- 6.6L V8 DURAMAX
- GOOD TIRES
- CRUISE CONTROL
- TILT STEERING
- 4 WHEEL DRIVE
- LEATHER INTERIOR
- POWER EVERYTHING


SANDS AUTO SALES..... WWW.CAMBRIDGETRUCKS.NET
4032 308TH LN NW 
CAMBRIDGE, MN 55008 ....!!!JUST WEST OF CAMBRIDGE ON HWY 47!!!


763-689-5770: CALL 
763-238-0406: TEXT


BUISNESS HOURS:
M -F: 9AM - 7PM
SAT: 9AM - 3PM
SUNDAY.....CLOSED..!!! 
KEYWORDS: CUMMINS, DURAMAX, 3/4 TON, PICK UP    ",2001 chevrolet silverado 2500 hd,good,8 cylinders,4wd,diesel
https://minneapolis.craigslist.org/hnp/ctd/d/2008-chevrolet-silverado/6641347787.html,!!! 2008 CHEVROLET SILVERADO 2500HD CREW CAB 4X4 !!!,"CAMBRIDGE, SANDS AUTO","
        
!!! 2008 CHEVROLET SILVERADO 2500HD CREW CAB 4X4 !!!
- 6.0L V8
- GOOD TIRES
- CRUISE CONTROL
- TILT STEERING
- CREW CAB
- CLOTH INTERIOR
- POWER EVERYTHING
- CLEAN CAR-FAX

SANDS AUTO SALES..... WWW.CAMBRIDGETRUCKS.NET
4032 308TH LN NW 
CAMBRIDGE, MN 55008 ....!!!JUST WEST OF CAMBRIDGE ON HWY 47!!!

763-689-5770: CALL 
763-238-0406: TEXT

BUSINESS HOURS:

MONDAY -FRIDAY: 9:00 AM - 7:000 PM
SATURDAY: 9:00 AM - 3:000 PM
SUNDAY.....CLOSED..!!!

KEYWORDS: F-250, FORD, DODGE, 2500, CUMMINS, DURAMAX, POWERSTROKE, V10, 6.7L, 7.3L,    ",2008 CHEVROLET SILVERADO 2500,excellent,8 cylinders,4wd,gas
https://minneapolis.craigslist.org/dak/ctd/d/2010-chevrolet-truck-lt/6641359536.html,2010 Chevrolet  truck LT,_Chevrolet_ _Silverado 1500_ _truck_,"
        


Available at:   













 Silverado 1500 Hard to Find 4D Crew Cab  9528007604    ",2010 Chevrolet Silverado 1500,excellent,8 cylinders,4wd,gas
https://minneapolis.craigslist.org/ram/ctd/d/2013-chevrolet-silveradowd/6641399155.html,*2013* *Chevrolet* *Silverado 1500* *4WD Ext Cab 143.5 LT*,_Chevrolet_ _Silverado 1500_ _Truck_,"
        
                                                     To find out more about this , please call or text us at         -or-                                                                                            2013, 13, '13, Chevrolet, Chevy, Silverado 1500, Silverado1500, Silverado-1500, Silverado 1500, 4WD Ext Cab 143.5 LT, Truck, Pickup Truck, Fury Chrysler Dodge Jeep Ram St. Paul, *Fury* *Chrysler* *Dodge* *Jeep* *Ram* *St.* *Paul*    ",2013 Chevrolet Silverado 1500,8 cylinders,4wd,gas,59450
https://minneapolis.craigslist.org/dak/cto/d/chevy-silverado-2013/6637520370.html,Chevy Silverado 2013,Burnsville,"
        
Barely I used this truck, I have another car, the reason I bought this car because I was thinking to use for stuff in the house.


Additional Comment:

Air Conditioning - Front - Single Zone|Stability Control|Roll Stability Control|Auxiliary Audio Input|Airbags - Front - Side|Airbags - Front - Side Curtain|Airbags - Rear - Side Curtain|Drivetrain Transfer Case: Electronic Hi-Lo Gear Selection|Cruise Control|ABS Brakes (4-Wheel)|Air Conditioning - Front|Power Door Locks|Power Windows|Exterior Mirrors Power|Exterior Mirrors Heated|Daytime Running Lights|Floor Mat Material Vinyl/rubber|Rear Seats 60-40 Split Bench|Traction Control With Trailer Stability Assist|Seats Front Seat Type: 40-20-40 Split Bench|Airbags - Side-curtain Rollover Sensor|Rear Seats Folds Up|Braking assist hill start assist|Airbags - Front - Dual|Power Brakes|Transmission Temperature Gauge|Front 12V Power Outlet (2)|Windows Tinted|Driver Seat Adjustable Lumbar Support: Manual|Front Suspension Classification: Independent|Front Suspension Type: Strut|Headlights Auto On/Off|Center Console Front Console With Armrest And Storage|Compass|Power Steering|Windows Front Wipers: Intermittent|External Temperature Display|Rear Bumper Color Chrome|Traction Control|Airbags - Passenger - Occupant Sensing Deactivation|Cargo Bed Light|Child Seat Anchors|Inside Rearview Mirror Manual Day/Night|Reading Lights Front|Steering Wheel Tilt-Adjustable|Tachometer|Vanity Mirrors Dual Illuminating|Body Side Moldings Body-Color|Transmission Tow/Haul Mode|Floor Material Carpet|One-Touch Windows: 1|Exterior Mirrors Manual Folding|Seatbelts Seatbelt Warning Sensor: Driver And Passenger|Audio - Antenna: Element|Child Safety Locks|Driver Seat Manual Adjustments: 4|Driver Seat Manual Adjustments: Recline|Front Headrests Adjustable|Front Seatbelts: 3-Point|Headlights Halogen|Number Of Front Headrests 2|Number Of Rear Headrests 2|Passenger Seat Manual Adjustments: 4|Passenger Seat Manual Adjustments: Recline|Pickup Bed Type Fleetside|Seatbelts Second Row 3-Point|Trip Odometer|Warnings And Reminders Lamp Failure Low Fuel Engine Oil Coolant|Windows Lockout Button    ",2013 chevrolet 1500 silverado,8 cylinders,4wd,gas,44000
https://minneapolis.craigslist.org/csw/cto/d/chevrolet-silverado-lt-2014/6641395764.html,Chevrolet Silverado LT 2014,Cokato,"
        
Crew cab Chevy Silverado. We are selling only because we upgraded to 1 ton. Excellent truck!  Just rolled over 90,000 miles. Text with questions. See photos.  

    ",2014 Chevrolet Silverado Crew Cab,8 cylinders,4wd,gas,90000
https://minneapolis.craigslist.org/ram/ctd/d/2006-chevrolet-silverado-1500/6641373318.html,2006 Chevrolet Silverado 1500,_Chevrolet_ _Silverado 1500_ _Truck_,"
        
To get started, just complete our secure online credit application. We'll help you get pre-approved, making it even easier for you to shop for your next vehicle. Copy and Paste this link                                                                                                     Call   ext    or  Text   to    to find out more about this                 -or-                                                                                                                         (320) 344-2199  ext                 Text  to                                                                                                                2006, 06, '06, Chevrolet, Chevy, Silverado 1500, Silverado1500, Silverado-1500, Silverado 1500, Truck, Pickup Truck, Ralph Larson Chevrolet, *Ralph* *Larson* *Chevrolet*    ",2006 Chevrolet Silverado 1500,8 cylinders,4wd,gas,175653
https://minneapolis.craigslist.org/dak/cto/d/1998-chevy-silverado-1500/6631371678.html,"1998 Chevy Silverado 1500, Extended cab",West St. Paul,"
        
1998 Chevy Silverado for sale
Great truck for hauling.  
Transmission slips between 1st & 2nd gear- may need a flush, may need more. 
Windshield is cracked
Driver side passenger window broken out 
Front passenger window does not go down  
AC needs work

4 new tires.
NEW:
- heater core
-blower fan
-fuel injectors
-idler pulley and belt
- spark plugs
-Right rear brake cylinder
- Rear brake shoes

    ",1998 chevy silverado 1500,fair,8 cylinders,rwd,gas
https://minneapolis.craigslist.org/dak/wto/d/22-inch-gloss-black-vct/6622344183.html,22 inch gloss black VCT wheels fits Chevy Silverado 1500 6x5.5 +30,Burnsville,"
        
22x9"" gloss black & machine face VCT V83 rims
                  6x5.5 bolt pattern, +30 offset
                 Your buying 4  new wheels for 
       ONLY $640.00 no checks or credit cards

Chrome are$ 875


CALL 952-388-76zero, four . Please leave message


These wheels will fit the following factory equipped vehicles:

Chevrolet:

2000-2018 Silverado K1500, Tahoe, Suburban 4x4.

2002-2013 Avalanche.  2002-2005 Astro Van. 

2003-2018 Express Van 1500.

2000-2018 Silverado C1500 4x2.

GMC;

2000-2018 Sierra K1500 4x4

2003-2005 Safari.  2003-2018 Savanna Van 1500 (6 lug).

2000-2018 Sierra K1500 , Yukon , & Denali 4x4.

2000-2018 Sierra C1500 4x2 , Yukon & Denali .  

Cadillac;

2004-2018 Escalade  EXT & ESV (all models)    ",,,,,
https://minneapolis.craigslist.org/wsh/cto/d/1997-chevy-silverado/6622863346.html,1997 Chevy Silverado,,"
        
1997 Chevy Silverado v8 5.0 this truck has a Lotta new parts calls for any information $9000   
      170,000 miles 
AC works
    ",1997 chevrolet 1500 silverado,170000,clean,automatic,
https://minneapolis.craigslist.org/ram/cto/d/2007-chevrolet-silverado-1500/6625908939.html,2007 Chevrolet Silverado 1500 Classic,Mounds View,"
        
Selling my grandpa's 2007 Chevy Silverado Classic. It has the 5.3l V8 Flex fuel engine. My grandpa has owned it since around 100k miles. The truck now has 196k miles and runs great. Just took it up to the border of Canada for fishing opener and not a single issue. Has push button 4wd as well. Only small issues are it is rusty (Welcome to MN), the abs and the brake light are on. Other than that it has good tires, drives straight, shifts good, and runs great! Asking $4,500 cash. Call or text me with any questions.  

Thanks    ",2007 Chevrolet Silverado Classic,196000,clean,automatic,
https://minneapolis.craigslist.org/ank/ctd/d/2015-chevy-silverado-lt/6641501421.html,2015 Chevy Silverado LT Double Cab 4x4 ***FREE CARFAX**EASY FINANCING,FOREST LAKE,"
        




































2015 CHEVROLET SILVERADO 1500 - Stock # 2909
Offered by: DRUK CLASSIC AUTO
39215-2909-79454-4824032
    ",2015 chevrolet silverado 1500 4wd,4wd,gas,117711,full-size
https://minneapolis.craigslist.org/csw/cto/d/2008-silverado-4x4-duramax/6629142444.html,2008 SILVERADO 4X4 DURAMAX,ELK RIVER,"
        
2500 HD 4X4 217000 MILES, LEATHER. GREAT NEWER RUBBER . DRIVES TIGHT AND STRAIT . 

TRUCK EXTERIOR WAS RHINO LINED , NO RUST ON EXTERIOR , ROCKERS GOOD , LED LIGHTS INSTALLED IN FABRICATED BUMPER . LED BACKUP LIGHTS,  4"" EXHAUST, ON DASH TUNER ,A/C, CRUISE ,TILT 

COME CHECK IT OUT , MAKE ME AN OFFER.  I MAY BE OPEN TO SOME TRADES

DIESEL
SILVERADO
DURAMAX
LONG BOX TRUCK
TRUCK
2008 CHEVROLET SILVERADO 4X4
    ",2008 chevrolet silverado,good,8 cylinders,4wd,diesel
https://minneapolis.craigslist.org/hnp/ctd/d/2003-chevrolet-chevy/6641515426.html,2003 Chevrolet Chevy Silverado 1500 LT - 100% Guaranteed Financing,+ ALL DRIVE NO DRAMA AT AC MOTORS BLOOMINGTON,"
        




































    ",2003 CHEVROLET SILVERADO,4wd,gas,74694,clean
https://minneapolis.craigslist.org/wsh/ctd/d/2015-chevrolet-chevy/6641526846.html,2015 Chevrolet Chevy Silverado 1500 LT ***GUARANTEED CREDIT APPROVAL***,+ Somerset Sales & Leasing CALL/TEXT (715)953-2049,"
        






















































    ",2015 CHEVROLET SILVERADO,4wd,gas,145863,brown
https://minneapolis.craigslist.org/csw/cto/d/2008-silverado-4x4-duramax/6629129240.html,2008 SILVERADO 4X4 DURAMAX,ELK RIVER,"
        
2500 HD 4X4 217000 MILES, LEATHER. GREAT NEWER RUBBER . DRIVES TIGHT AND STRAIT . 

TRUCK EXTERIOR WAS RHINO LINED , NO RUST ON EXTERIOR , ROCKERS GOOD , LED LIGHTS INSTALLED IN FABRICATED BUMPER . LED BACKUP LIGHTS,  4"" EXHAUST, ON DASH TUNER ,A/C, CRUISE ,TILT 

COME CHECK IT OUT , MAKE ME AN OFFER.  I MAY BE OPEN TO SOME TRADES

DIESEL
SILVERADO
DURAMAX
LONG BOX TRUCK
TRUCK
2008 CHEVROLET SILVERADO 4X4
    ",2008 chevrolet silverado,good,8 cylinders,4wd,diesel
https://minneapolis.craigslist.org/hnp/ctd/d/2008-chevy-1500-pickup/6641546344.html,2008 Chevy C 1500 Pickup w/ Utility Cap KnapCap Knapheid Work Truck,,"
        
*** FOR SALE ***

2008 Chevy Silverado 1500 Former (& Recent) ATT Utility Truck

* 4.3 L V6 Engine

* Automatic Transmission

* 114,000 Miles

* ABS ( 4-Wheel )

* Radio

* A/C

* Ladder Racks

* Side tool bins for easy access. Good van alternative!

* Strobe Beacon Light

* KnapKap Enclosed Utility Truck Cap

* 8 ft bed

* Clean Title

* No check engine, maintenance, or service lights on of any kind.

* No accidents or body parts replaced

* Extremely well maintained AT&T fleet vehicle (contact for details)

* Engine runs strong , transmission shifts clean , ready to be put to work

* Excellent utility vehicle ! Feel comfortable flying in from anywhere and driving this truck home.


** Shipping Available ** I have 40+ years with the phone company working on these types of trucks. I would be happy to go over this vehicle and show you how everything works. I typically have no problem assisting you with transportation from Chicago's O'Hare International Airport if you are flying in. 

$7,900

Please call for further details.

9 a.m. to 9 p.m. Central:

630-253-9951 








CL Search Keywords: Express Econoline vehicle Astro Fleet work utility service van truck racks ladder latter chevy chevrolet chev dodge ford gm 1500 2500 3500 v8 v6 auto automatic manual 2001 2000 2002 2003 2004 2005 2006 2007 2008 2009 1999 1998 1997 G2500 E2500 G-2500 G3500 e3500 g e f ATT AT&T c3500 c-3500 c2500 c-2500 c1500 3500hd Truck Service HD Ram towing tow 2005 F150 f-150 c3500 c-3500 c2500 3500hd 2005 2006 2007 2008 2009 welding welder power 2010 2011 2012 2013 2014 2015 2016 2017 2018 00 01 99 98 02 03 04 06 05 07 08 09 10 11 12 13 14 15 16 heavy duty phone company vehicle box cutaway cut away boxvan cubevan boxtruck cubetruck fiber optic fiberoptic splicer lab splicing    ",2008 chevrolet 1500 silverado,clean,automatic,,
